DATE,SERIES,OPEN,HIGH,LOW,PREV. CLOSE,LTP,CLOSE,VWAP,52W H,52W L,VOLUME,VALUE,NO OF TRADES,SYMBOL
2024-02-16,EQ,142.05,143.45,141.5,141.2,142.25,142.3,142.68,147.4,101.55,22316127,3184104399.85,159823,TATASTEEL
2024-02-15,EQ,141.5,143.45,141,141.2,141.1,141.2,142.05,147.4,101.55,31587387,4487016479.1,201451,TATASTEEL
2024-02-14,EQ,137,141.5,135.75,137.85,141.45,141.2,138.83,147.4,101.55,29141690,4045831003.05,202721,TATASTEEL
2024-02-13,EQ,137.75,138.25,134.1,137.4,137.8,137.85,136.95,147.4,101.55,39155909,5362327557.6,205902,TATASTEEL
2024-02-12,EQ,142,142.95,136.65,141.3,137.5,137.4,139.16,147.4,101.55,36477544,5076268769.2,219005,TATASTEEL
2024-02-09,EQ,144.2,144.45,139.15,143.65,141.3,141.3,141.21,147.4,101.55,35961925,5078064740.8,237401,TATASTEEL
2024-02-08,EQ,145.3,145.65,143.05,144.4,143.8,143.65,144.24,147.4,101.55,38997666,5624977247.2,256373,TATASTEEL
2024-02-07,EQ,146.85,147.4,144.05,144.65,144.4,144.4,145.61,147.4,101.55,61517064,8957448815.35,292894,TATASTEEL
2024-02-06,EQ,143,145.1,140.45,141.55,144.6,144.65,143.03,145.1,101.55,53192936,7608022638.7,256507,TATASTEEL
2024-02-05,EQ,140,143.35,139.35,138.7,141.6,141.55,141.5,143.35,101.55,80737626,11424281407.05,375154,TATASTEEL
2024-02-02,EQ,135.3,139.6,134.8,134.8,138.6,138.7,137.64,141.25,101.55,69296192,9538094505.8,353725,TATASTEEL
2024-02-01,EQ,136.4,136.75,134.5,135.95,134.9,134.8,135.69,141.25,101.55,31701793,4301505287.6,214127,TATASTEEL
2024-01-31,EQ,135,136.7,134.5,134.7,135.95,135.95,135.84,141.25,101.55,36079354,4900953896.15,217115,TATASTEEL
2024-01-30,EQ,135.6,137.7,134.5,135,134.75,134.7,136.17,141.25,101.55,35704185,4861961220.2,245199,TATASTEEL
2024-01-29,EQ,134.7,135.4,133.5,133.75,135.05,135,134.67,141.25,101.55,29745400,4005683022.65,187551,TATASTEEL
2024-01-25,EQ,136.5,136.5,132,135.15,134.15,133.75,134.19,141.25,101.55,61358839,8233755323.5,306685,TATASTEEL
2024-01-24,EQ,130.2,135.55,130.1,130.1,134.9,135.15,133.35,141.25,101.55,39340119,5245853350.9,216385,TATASTEEL
2024-01-23,EQ,134.8,135.2,129.3,133.95,130.05,130.1,132.31,141.25,101.55,35373970,4680431862.5,217517,TATASTEEL
2024-01-20,EQ,134.25,135.2,133.3,134.25,133.9,133.95,134.26,141.25,101.55,16578179,2225719129.05,122378,TATASTEEL
2024-01-19,EQ,132.6,134.7,131.6,131,134.1,134.25,133.63,141.25,101.55,32653013,4363534601.95,187679,TATASTEEL
2024-01-18,EQ,131.65,132.25,128.2,131.65,131.35,131,130.47,141.25,101.55,45273496,5906640975.6,267573,TATASTEEL
2024-01-17,EQ,135.45,135.75,131.4,137.25,131.8,131.65,133.28,141.25,101.55,58982971,7861046380.15,298756,TATASTEEL
2024-01-16,EQ,134.7,138.5,134,134.9,137.25,137.25,136.59,141.25,101.55,56361287,7698143042.3,213394,TATASTEEL
2024-01-15,EQ,136,136.25,133.95,135.3,135,134.9,134.79,141.25,101.55,34158775,4604327884.95,177458,TATASTEEL
2024-01-12,EQ,135.8,136.25,134.65,134.9,135.45,135.3,135.58,141.25,101.55,32883921,4458550005.35,170543,TATASTEEL
2024-01-11,EQ,134.85,135.65,134.2,134.1,135.1,134.9,135.05,141.25,101.55,23113349,3121521575.35,152705,TATASTEEL
2024-01-10,EQ,133.8,134.7,132.1,133.65,134.15,134.1,133.72,141.25,101.55,27213624,3639089609.3,175426,TATASTEEL
2024-01-09,EQ,133.5,134.8,132.5,132,133.85,133.65,133.81,141.25,101.55,30736868,4113002298.9,168721,TATASTEEL
2024-01-08,EQ,135.3,135.95,131.75,133.65,132.3,132,133.63,141.25,101.55,39559717,5286469683.2,228285,TATASTEEL
2024-01-05,EQ,135,135.95,132.85,134.25,133.7,133.65,134.34,141.25,101.55,71330190,9582167218.8,248067,TATASTEEL
2024-01-04,EQ,136,136.35,134,135.35,134.4,134.25,134.42,141.25,101.55,43913498,5902644745.45,249740,TATASTEEL
2024-01-03,EQ,139.5,139.6,134.35,139.6,135,135.35,136.44,141.25,101.55,45176618,6164041917.5,279840,TATASTEEL
2024-01-02,EQ,140.5,140.6,137.05,139.85,139.5,139.6,139.16,141.25,101.55,27764060,3863703836.75,167466,TATASTEEL
2024-01-01,EQ,140,140.95,139.05,139.6,139.7,139.85,140.16,141.25,101.55,21186105,2969470656.95,187550,TATASTEEL
2023-12-29,EQ,138.6,141.25,137.15,138.15,139.3,139.6,139.52,141.25,101.55,49202910,6864963120.6,234503,TATASTEEL
2023-12-28,EQ,138.15,138.75,136.85,137.2,138.25,138.15,137.88,138.9,101.55,34661176,4779101020.6,215436,TATASTEEL
2023-12-27,EQ,135.85,138.9,135.5,135.2,137,137.2,137.4,138.9,101.55,48101400,6609221199.1,240022,TATASTEEL
2023-12-26,EQ,134.7,136.1,134.45,133.55,135.4,135.2,135.43,137.6,101.55,25936447,3512475189.45,182329,TATASTEEL
2023-12-22,EQ,132.4,134.75,131.75,131,133.45,133.55,133.44,137.6,101.55,37357334,4984874945.75,213314,TATASTEEL
2023-12-21,EQ,128.7,131.45,127.85,129.75,131.4,131,130.01,137.6,101.55,34914399,4539219050.25,198021,TATASTEEL
2023-12-20,EQ,135.9,136.15,128.75,135.4,128.85,129.75,132.87,137.6,101.55,39495961,5247706866.6,201438,TATASTEEL
2023-12-19,EQ,136.65,137.6,134.8,136.6,135.5,135.4,135.81,137.6,101.55,27726431,3765416442.2,167461,TATASTEEL
2023-12-18,EQ,136.85,137.6,135.1,136.45,136.55,136.6,136.73,137.6,101.55,38461877,5258816795.55,259565,TATASTEEL
2023-12-15,EQ,133.4,136.75,133,132,136.55,136.45,135.24,136.75,101.55,77377446,10464413045.45,292704,TATASTEEL
2023-12-14,EQ,132.3,133.25,131.5,131.4,132,132,132.33,135,101.55,43372143,5739357415.2,185803,TATASTEEL
2023-12-13,EQ,130.55,131.5,129.15,130.1,131.35,131.4,130.59,135,101.55,22767972,2973183996.2,146208,TATASTEEL
2023-12-12,EQ,130.05,132.15,129.7,130.05,130.35,130.1,130.87,135,101.55,30696410,4017198896.85,155668,TATASTEEL
2023-12-11,EQ,129.85,130.5,128.75,129.2,130.25,130.05,129.82,135,101.55,24038059,3120531964.3,144371,TATASTEEL
2023-12-08,EQ,130.15,131.4,127.95,130,129.2,129.2,129.66,135,101.55,34393711,4459353470.85,164457,TATASTEEL
2023-12-07,EQ,131.7,132.2,129.8,131.85,130.05,130,130.51,135,101.55,34686333,4527001638.35,176826,TATASTEEL
2023-12-06,EQ,132.5,133.4,130.8,131.6,132,131.85,132,135,101.55,40753593,5379558472.95,183004,TATASTEEL
2023-12-05,EQ,131,132.45,130,131,131.7,131.6,131.38,135,101.55,35192149,4623385317.75,191777,TATASTEEL
2023-12-04,EQ,132.2,132.35,130.4,130,131,131,131.07,135,101.55,41230928,5404051813.1,213569,TATASTEEL
2023-12-01,EQ,128.9,130.3,128.05,127.9,130,130,129.41,135,101.55,31192397,4036476816,172753,TATASTEEL
2023-11-30,EQ,127.8,128.85,126.5,127.75,127.9,127.9,127.97,135,101.55,40165104,5139985066.5,173510,TATASTEEL
2023-11-29,EQ,127.15,128.15,126.7,126.85,127.8,127.75,127.6,135,101.55,23092165,2946445299.55,137907,TATASTEEL
2023-11-28,EQ,127,127,126,125.95,126.95,126.85,126.49,135,101.55,18377843,2324566454.85,137072,TATASTEEL
2023-11-24,EQ,126.7,127,125.55,126.7,126.05,125.95,126.15,135,101.55,14719450,1856793943.75,104736,TATASTEEL
2023-11-23,EQ,126.35,127.4,125.9,126.1,126.75,126.7,126.78,135,101.55,30736851,3896787469.35,152378,TATASTEEL
2023-11-22,EQ,126.4,126.9,125.5,126.25,126.3,126.1,126.11,135,101.55,19588063,2470314487.15,112127,TATASTEEL
2023-11-21,EQ,125.05,126.4,124.95,124.35,126.2,126.25,125.95,135,101.55,29643312,3733534250.25,152063,TATASTEEL
2023-11-20,EQ,125.05,125.65,124.05,125.2,124.25,124.35,124.89,135,101.55,18780290,2345428249.95,144456,TATASTEEL
2023-11-17,EQ,124.7,125.75,124.3,124.7,125,125.2,125.16,135,101.55,23319439,2918581820.75,130629,TATASTEEL
2023-11-16,EQ,124,125.25,123,124.05,124.4,124.7,124.48,135,101.55,30836413,3838518574.75,165433,TATASTEEL
2023-11-15,EQ,121.7,124.4,121.5,121,124.1,124.05,123.38,135,101.55,38344393,4730975784.75,183566,TATASTEEL
2023-11-13,EQ,120.85,121.25,119.9,120.85,120.8,121,120.74,135,101.55,17951775,2167412969.4,128808,TATASTEEL
2023-11-12,EQ,121.6,121.6,120.6,120.05,120.85,120.85,120.92,135,101.55,3984034,481733972.85,69992,TATASTEEL
2023-11-10,EQ,119.5,120.45,118.8,119.65,120.15,120.05,119.81,135,101.55,23584510,2825663511.45,137597,TATASTEEL
2023-11-09,EQ,119.2,120.5,118.85,119.05,119.65,119.65,119.7,135,101.55,22979112,2750517129.7,132295,TATASTEEL
2023-11-08,EQ,119.75,120.5,118.55,119.65,119.05,119.05,119.11,135,101.55,22552386,2686143473.1,128934,TATASTEEL
2023-11-07,EQ,119.3,120.2,118.4,119.4,119.75,119.65,119.62,135,101.55,25818033,3088435269.9,135129,TATASTEEL
2023-11-06,EQ,118.5,119.65,117.5,117.3,119.6,119.4,118.62,135,101.55,27883152,3307444876.55,150363,TATASTEEL
2023-11-03,EQ,118.2,118.6,117.1,118.1,117.4,117.3,117.73,135,98.55,31747230,3737515379.95,179215,TATASTEEL
2023-11-02,EQ,114.6,118.55,114.6,116.6,118.5,118.1,116.7,135,98.55,72538804,8465495277.35,280659,TATASTEEL
2023-11-01,EQ,119,119.1,116,118.75,116.15,116.6,117.78,135,98.55,24717941,2911236884.9,162002,TATASTEEL
2023-10-31,EQ,120,120.15,118.4,119.15,118.9,118.75,119.02,135,98.55,22319950,2656447467.15,147250,TATASTEEL
2023-10-30,EQ,121.05,121.25,118.95,119.9,119.15,119.15,119.37,135,98.55,18753217,2238532926.65,145518,TATASTEEL
2023-10-27,EQ,120.5,121.8,119.5,119.9,120,119.9,120.34,135,98.55,28424007,3420565260.8,144880,TATASTEEL
2023-10-26,EQ,120.85,120.9,118.9,121.35,120.05,119.9,119.81,135,98.55,36298907,4348929304.25,191297,TATASTEEL
2023-10-25,EQ,121.2,122.8,120.75,120,121.3,121.35,121.79,135,98.55,27346103,3330569435.45,166352,TATASTEEL
2023-10-23,EQ,123.35,123.4,119.7,123.1,120.05,120,120.97,135,98.55,30699479,3713736345.95,198614,TATASTEEL
2023-10-20,EQ,125,125.75,122.7,126,123.1,123.1,124.01,135,98.1,30746140,3812744831.35,192203,TATASTEEL
2023-10-19,EQ,125.5,126.5,124.35,127.1,125.8,126,125.46,135,98.1,30941319,3881944628.55,165387,TATASTEEL
2023-10-18,EQ,127.85,128.7,126.6,127.4,127.1,127.1,127.42,135,98.1,20926079,2666501947.15,141265,TATASTEEL
2023-10-17,EQ,127.9,128.55,127,127,127.75,127.4,127.9,135,98.1,24241710,3100588399.8,136830,TATASTEEL
2023-10-16,EQ,125.1,127.25,124.95,125.05,127.1,127,126.51,135,98.1,23868700,3019547026.8,148084,TATASTEEL
2023-10-13,EQ,125,125.75,124,125.9,125.2,125.05,124.93,135,98.1,26912800,3362090989.25,160443,TATASTEEL
2023-10-12,EQ,125.35,126.9,125.1,124.95,125.8,125.9,126.09,135,98.1,19361688,2441391694.9,126504,TATASTEEL
2023-10-11,EQ,126,126.3,124.7,125.3,124.95,124.95,125.48,135,98.1,24455932,3068616682.35,132086,TATASTEEL
2023-10-10,EQ,124.7,125.9,123.75,123.85,125.25,125.3,124.78,135,98.1,28745957,3586819958.85,171447,TATASTEEL
2023-10-09,EQ,124.8,124.9,122.6,125.9,123.35,123.85,123.88,135,98.1,21457836,2658219956.95,187353,TATASTEEL
2023-10-06,EQ,126.5,127,125.1,125.25,125.85,125.9,125.85,135,98,21928671,2759725379.5,145005,TATASTEEL
2023-10-05,EQ,125.9,126.15,124.55,125.3,125.55,125.25,125.31,135,98,27063441,3391365474.55,165593,TATASTEEL
2023-10-04,EQ,127,127.1,124.5,128,125.35,125.3,125.49,135,98,33272725,4175249159.9,214486,TATASTEEL
2023-10-03,EQ,129,129.1,127.25,128.9,128.1,128,127.82,135,98,18613557,2379107875.8,136399,TATASTEEL
2023-09-29,EQ,128.2,129.55,127.55,126.8,129.05,128.9,128.73,135,95,28406435,3656717531.85,156353,TATASTEEL
2023-09-28,EQ,128.35,129.3,126.3,128.15,127.25,126.8,127.69,135,95,29982233,3828288872.45,165709,TATASTEEL
2023-09-27,EQ,128.75,128.75,126.7,128.9,128.4,128.15,127.79,135,95,33277329,4252437333,184173,TATASTEEL
2023-09-26,EQ,129,130.55,128.4,127.4,128.95,128.9,129.5,135,95,48936598,6337243511.85,235615,TATASTEEL
2023-09-25,EQ,127.3,128.3,126.1,126.75,127.25,127.4,127.29,135,95,23466981,2987046458,148843,TATASTEEL
2023-09-22,EQ,127.15,128.7,125.5,127.8,127.2,126.75,127.09,135,95,34059194,4328563173.75,193209,TATASTEEL
2023-09-21,EQ,128.3,129.25,127.2,128.3,127.9,127.8,128.19,135,95,29826091,3823296128.15,189809,TATASTEEL
2023-09-20,EQ,130.45,131.8,128,130.45,128.5,128.3,129.55,135,95,43627379,5651983902.35,220289,TATASTEEL
2023-09-18,EQ,135,135,130.05,131.95,130.5,130.45,131.81,135,95,62420823,8227968331.45,282655,TATASTEEL
2023-09-15,EQ,132.6,133.3,129.85,131.7,132.2,131.95,131.48,134.2,95,85058495,11183754761.5,189446,TATASTEEL
2023-09-14,EQ,131,134.2,130.8,129.55,131.95,131.7,132.32,134.2,95,58800620,7780313510.1,333183,TATASTEEL
2023-09-13,EQ,129.6,130.5,127.7,129,129.9,129.55,129.32,133.15,95,23371459,3022484084,163917,TATASTEEL
2023-09-12,EQ,132.8,133.15,128.65,131.15,128.9,129,130.05,133.15,95,38065283,4950314633.25,212107,TATASTEEL
2023-09-11,EQ,129.5,131.85,129.2,129.5,131.1,131.15,130.71,132.9,95,33377857,4362862449.95,174961,TATASTEEL
2023-09-08,EQ,131.4,131.65,129.2,130.15,129.6,129.5,130.24,132.9,95,34313523,4469052986.9,126365,TATASTEEL
2023-09-07,EQ,129.5,130.8,128.6,129.6,130.1,130.15,130,132.9,95,30268235,3934781899.05,153956,TATASTEEL
2023-09-06,EQ,132.4,132.4,128.2,131.7,129.45,129.6,129.55,132.9,95,36058850,4671465545.35,216595,TATASTEEL
2023-09-05,EQ,131.75,132.45,128.85,131.75,131.75,131.7,130.75,132.9,95,36466807,4767857575.05,190902,TATASTEEL
2023-09-04,EQ,129.2,132.9,128.85,127.05,131.9,131.75,131.69,132.9,95,68525900,9024225220.75,342443,TATASTEEL
2023-09-01,EQ,123.5,128.7,123.4,122.9,126.8,127.05,127.05,128.7,95,76460408,9714089379.55,315467,TATASTEEL
2023-08-31,EQ,122.85,123.6,122.15,122.1,123.6,122.9,122.77,124.3,95,60626985,7443473788.5,201344,TATASTEEL
2023-08-30,EQ,120.5,122.7,120.25,119.55,122.05,122.1,122.02,124.3,95,51467177,6279989423.5,265241,TATASTEEL
2023-08-29,EQ,118.5,120.15,117.75,117.6,119.8,119.55,119.1,124.3,95,36038317,4292328896.1,129481,TATASTEEL
2023-08-28,EQ,117,118.25,117,116.9,117.55,117.6,117.68,124.3,95,19218821,2261679617.1,103263,TATASTEEL
2023-08-25,EQ,118,118.15,116.7,118.25,117.1,116.9,117.39,124.3,95,23692527,2781176955.2,107610,TATASTEEL
2023-08-24,EQ,119.5,120.1,118.05,118.95,118.3,118.25,118.81,124.3,95,27103446,3220087938.55,134041,TATASTEEL
2023-08-23,EQ,117.85,119.25,117.65,117.55,118.85,118.95,118.89,124.3,95,43744909,5200886017.65,133768,TATASTEEL
2023-08-22,EQ,117.15,117.75,116.5,116.9,117.55,117.55,117.21,124.3,95,17343131,2032761447.1,111027,TATASTEEL
2023-08-21,EQ,116.75,117.1,115.85,115.8,116.8,116.9,116.64,124.3,95,22629651,2639628824.7,134669,TATASTEEL
2023-08-18,EQ,116.3,116.4,114.75,116.05,116.4,115.8,115.55,124.3,95,30381609,3510516688.5,137398,TATASTEEL
2023-08-17,EQ,115.9,116.8,114.7,115.95,115.95,116.05,115.78,124.3,95,28461865,3295420065.1,171164,TATASTEEL
2023-08-16,EQ,117.95,117.95,115.4,118.15,115.9,115.95,116.22,124.3,95,31252473,3632061298.05,169033,TATASTEEL
2023-08-14,EQ,120.3,120.4,117.35,120.3,117.85,118.15,118.23,124.3,95,33095516,3912829472.45,167262,TATASTEEL
2023-08-11,EQ,120.3,121.4,119.15,120,120.55,120.3,120.43,124.3,95,26337436,3171761199.15,144366,TATASTEEL
2023-08-10,EQ,120,120.65,119.25,120.2,120,120,119.92,124.3,95,24439101,2930627924.3,140513,TATASTEEL
2023-08-09,EQ,118.35,120.5,116.9,118.15,120.4,120.2,118.53,124.3,95,34154214,4048450641.55,146911,TATASTEEL
2023-08-08,EQ,119,119.5,117.95,118.85,118.15,118.15,118.51,124.3,95,21275054,2521377215.1,122839,TATASTEEL
2023-08-07,EQ,119.6,119.6,118,119,118.6,118.85,118.73,124.3,95,20711952,2459082671.95,133643,TATASTEEL
2023-08-04,EQ,119.4,119.75,118,118.2,119,119,118.93,124.3,95,22303966,2652551989.7,114669,TATASTEEL
2023-08-03,EQ,118.7,119.65,117.5,118.95,118.6,118.2,118.24,124.3,95,34624188,4093884505.55,196496,TATASTEEL
2023-08-02,EQ,122.9,122.9,118.25,123.2,119.2,118.95,119.89,124.3,95,54951586,6587887454.35,240403,TATASTEEL
2023-08-01,EQ,123.55,124.15,122.55,123.15,123.15,123.2,123.36,124.3,95,27863562,3437363292.15,152455,TATASTEEL
2023-07-31,EQ,120.6,123.85,120.6,120.6,122.85,123.15,122.85,124.3,95,52330311,6429027091.55,223916,TATASTEEL
2023-07-28,EQ,120.2,121.1,118.7,119.8,120.5,120.6,119.93,976.7,95,33996691,4077360851.6,140641,TATASTEEL
2023-07-27,EQ,120.25,121.45,119.15,119.95,120.3,119.8,120.27,976.7,95,39664251,4770485839.25,155050,TATASTEEL
2023-07-26,EQ,119.8,120.6,118.85,119.25,119.85,119.95,119.81,976.7,95,29716336,3560354181.25,166824,TATASTEEL
2023-07-25,EQ,115,119.9,114.35,115.5,119.1,119.25,118.27,976.7,95,88035259,10412164866.45,290928,TATASTEEL
2023-07-24,EQ,116.5,116.5,114.35,116.6,115.25,115.5,115.37,976.7,95,38113555,4397247627.25,166031,TATASTEEL
2023-07-21,EQ,116.6,117.95,115.5,116.95,116.7,116.6,116.65,976.7,95,31546136,3679825459.1,126664,TATASTEEL
2023-07-20,EQ,116.7,117.25,116.35,116.7,116.9,116.95,116.87,976.7,95,22303831,2606703327.15,106969,TATASTEEL
2023-07-19,EQ,116.7,117.2,116.1,116.6,116.55,116.7,116.69,976.7,95,17222355,2009694774.1,112312,TATASTEEL
2023-07-18,EQ,118,118.15,116.4,117.75,116.6,116.6,117.09,976.7,95,23433431,2743857232.85,124030,TATASTEEL
2023-07-17,EQ,117.95,119.35,117.1,117.15,117.8,117.75,118.34,976.7,95,49115369,5812313828.95,196197,TATASTEEL
2023-07-14,EQ,115.7,117.9,114.8,114.85,117.65,117.15,116.26,976.7,95,34521821,4013534242.35,138452,TATASTEEL
2023-07-13,EQ,116,116.95,114.5,114.7,114.95,114.85,115.73,976.7,95,44847814,5190013535.6,161649,TATASTEEL
2023-07-12,EQ,115.15,116.05,114,115.15,114.75,114.7,114.77,976.7,95,32771204,3761070520.6,149737,TATASTEEL
2023-07-11,EQ,115.6,116.1,114.8,115.3,115.1,115.15,115.43,976.7,95,37999385,4386130159.45,192661,TATASTEEL
2023-07-10,EQ,112.25,115.7,111.65,111.6,115.25,115.3,114.48,976.7,95,60652690,6943815581.6,219509,TATASTEEL
2023-07-07,EQ,112,113.3,111.25,112.65,111.6,111.6,112.11,976.7,95,30034274,3367102319.95,113689,TATASTEEL
2023-07-06,EQ,112,112.85,111.5,112.95,112.65,112.65,112.15,976.7,95,34320086,3849061350.15,138042,TATASTEEL
2023-07-05,EQ,112.55,113.55,112.2,112.4,112.9,112.95,112.97,976.7,95,27877180,3149305413.45,119567,TATASTEEL
2023-07-04,EQ,113.2,113.4,112.1,113.1,112.35,112.4,112.66,976.7,95,25080307,2825446861.1,124580,TATASTEEL
2023-07-03,EQ,112.25,114.25,112.05,112,113,113.1,113.38,976.7,95,30979256,3512345035.75,137687,TATASTEEL
2023-06-30,EQ,111.6,112.2,110.4,111.55,112,112,111.64,976.7,95,26741918,2985382486.2,129098,TATASTEEL
2023-06-28,EQ,111.5,112.05,110.9,110.75,111.65,111.55,111.54,976.7,95,23895274,2665315375.2,123251,TATASTEEL
2023-06-27,EQ,110.6,111.5,110.15,109.85,110.9,110.75,110.86,976.7,95,24129403,2675086307.85,138795,TATASTEEL
2023-06-26,EQ,109.6,110.2,108.1,109.6,110.2,109.85,109.1,976.7,95,25332751,2763734572.75,129004,TATASTEEL
2023-06-23,EQ,110.5,110.75,109.2,111.1,109.35,109.6,109.97,976.7,95,22190233,2440221682.95,112770,TATASTEEL
2023-06-22,EQ,110.6,112.2,110.55,113.9,111.2,111.1,111.38,976.7,95,34769987,3872688551.2,153503,TATASTEEL
2023-06-21,EQ,114.9,114.9,112.85,114.25,113.95,113.9,113.68,976.7,95,35627983,4050186870.45,141248,TATASTEEL
2023-06-20,EQ,114.1,115.25,113.5,114.1,114.5,114.25,114.53,976.7,95,30371599,3478440270.4,137218,TATASTEEL
2023-06-19,EQ,115.45,115.6,113.05,114.25,114.2,114.1,114.08,976.7,95,33502185,3822038084.4,140304,TATASTEEL
2023-06-16,EQ,114.4,114.8,113.85,113.75,114.35,114.25,114.24,1013.7,95,31715807,3623157859.1,119137,TATASTEEL
2023-06-15,EQ,113.9,114.2,113.25,113.8,113.65,113.75,113.75,1013.7,95,39430138,4485256302.8,148524,TATASTEEL
2023-06-14,EQ,111.5,114,111.4,111.15,113.75,113.8,113.22,1013.7,95,66696433,7551041425.2,245307,TATASTEEL
2023-06-13,EQ,110,111.85,109.65,109.5,111.05,111.15,110.85,1013.7,95,30018212,3327632939.35,129410,TATASTEEL
2023-06-12,EQ,109.15,110.6,109.15,108.9,109.55,109.5,109.79,1013.7,95,23472313,2577057322.15,129504,TATASTEEL
2023-06-09,EQ,111.25,111.65,108.65,111.15,109.15,108.9,109.42,1088.9,95,36392617,3982174835.8,160353,TATASTEEL
2023-06-08,EQ,111.5,113,110.95,111.5,111.25,111.15,111.81,1088.9,95,46380294,5185782963.2,163368,TATASTEEL
2023-06-07,EQ,109.5,111.75,108.9,109,111.5,111.5,110.46,1088.9,95,45157197,4987884439.9,172381,TATASTEEL
2023-06-06,EQ,109.75,109.85,108.3,109.4,109.1,109,108.94,1088.9,95,26751372,2914420221.25,123777,TATASTEEL
2023-06-05,EQ,108.65,109.9,107.8,108,109.6,109.4,108.83,1088.9,95,39642539,4314334583.1,143608,TATASTEEL
2023-06-02,EQ,106.5,108.3,106.5,105.95,108.05,108,107.48,1092.8,95,46686933,5017725667.7,138198,TATASTEEL
2023-06-01,EQ,105.9,106.7,105.8,105.8,106,105.95,106.15,1092.8,95,21211538,2251551758.05,94464,TATASTEEL
2023-05-31,EQ,106.4,106.95,105.6,107.05,105.85,105.8,106.14,1092.8,95,41249944,4378251037.75,131061,TATASTEEL
2023-05-30,EQ,108.95,108.95,106.9,108.45,106.95,107.05,107.57,1092.8,95,33475211,3600917274.85,134867,TATASTEEL
2023-05-29,EQ,107,108.85,106.3,106.4,108.35,108.45,107.92,1092.8,95,41062311,4431534295.9,149388,TATASTEEL
2023-05-26,EQ,105,106.75,104.95,104.85,106.45,106.4,105.85,1097,95,28362042,3002217896.9,106252,TATASTEEL
2023-05-25,EQ,105,105.2,104.3,105.2,105,104.85,104.66,1097,95,25885062,2709050705.2,120182,TATASTEEL
2023-05-24,EQ,105.1,105.8,104.9,105.6,105,105.2,105.3,1097,95,28454367,2996344304.75,113015,TATASTEEL
2023-05-23,EQ,105.1,106.05,105,105,105.6,105.6,105.58,1097,95,21304034,2249349513.1,120258,TATASTEEL
2023-05-22,EQ,105,105.25,104.3,104.65,105.1,105,104.88,1097,95,21588716,2264331112.7,146640,TATASTEEL
2023-05-19,EQ,105.6,105.7,104.05,105.2,104.7,104.65,104.56,1209,95,29848841,3120908345.85,164196,TATASTEEL
2023-05-18,EQ,106.5,107.15,105.1,106,105.35,105.2,105.92,1209,95,24208481,2564275088.3,153094,TATASTEEL
2023-05-17,EQ,107.4,107.5,105.55,107.4,106.05,106,106.26,1209,95,28895465,3070486552.55,158469,TATASTEEL
2023-05-16,EQ,108.2,108.65,107.2,107.7,107.55,107.4,107.62,1209,95,18587658,2000332266.55,95237,TATASTEEL
2023-05-15,EQ,107.05,108.2,105.65,106.75,107.65,107.7,107.17,1209,95,22148028,2373507495.9,124207,TATASTEEL
2023-05-12,EQ,108.35,108.4,106.55,108.55,106.85,106.75,107.06,1274.2,95,36794838,3939190769.55,152385,TATASTEEL
2023-05-11,EQ,109.2,109.5,108.25,109.25,108.65,108.55,108.8,1274.2,95,19817637,2156137340.3,108331,TATASTEEL
2023-05-10,EQ,109.6,110,108.6,109.55,109.35,109.25,109.03,1274.2,95,19213215,2094912629.6,102095,TATASTEEL
2023-05-09,EQ,109.6,111.2,109.15,109.55,109.65,109.55,110.22,1274.2,95,27999202,3085964389.15,124913,TATASTEEL
2023-05-08,EQ,109.25,109.85,108.25,108.65,109.75,109.55,109.36,1274.2,95,23130472,2529484680.95,100999,TATASTEEL
2023-05-05,EQ,110.85,110.85,108.4,111.05,108.7,108.65,109.25,1330,95,32958346,3600677932.4,132104,TATASTEEL
2023-05-04,EQ,110,111.9,109.5,109.7,110.9,111.05,111.1,1330,95,38636907,4292397887.1,141966,TATASTEEL
2023-05-03,EQ,109.8,111,108.75,110.3,109.75,109.7,109.71,1330,95,51272624,5625037044.3,164302,TATASTEEL
2023-05-02,EQ,108,110.85,108,107.95,110.4,110.3,109.88,1330,95,52822162,5803926375.6,177776,TATASTEEL
2023-04-28,EQ,107.8,108.5,107.3,107.65,108,107.95,107.8,1330,95,30072920,3241848071.05,121074,TATASTEEL
2023-04-27,EQ,106.3,107.85,106.3,106.85,107.65,107.65,107.29,1330,95,22364308,2399360923.3,101664,TATASTEEL
2023-04-26,EQ,106.5,107.05,105.85,107.05,106.9,106.85,106.61,1330,95,23590297,2514895123.15,102154,TATASTEEL
2023-04-25,EQ,106.7,107.6,106.25,106.5,106.95,107.05,107.17,1330,95,23333425,2500546363.5,117726,TATASTEEL
2023-04-24,EQ,106.4,106.7,105.35,106.15,106.7,106.5,106.21,1330,95,23475012,2493311630.9,104865,TATASTEEL
2023-04-21,EQ,108,108.1,105.35,108,106.1,106.15,106.06,1366.65,95,37638506,3991843098.75,155242,TATASTEEL
2023-04-20,EQ,108.2,108.7,107.4,108.1,108.1,108,108.02,1366.65,95,18337948,1980844661.65,99645,TATASTEEL
2023-04-19,EQ,107.85,110.4,107.75,107.6,108.1,108.1,109.04,1366.65,95,62100775,6771763621.7,184789,TATASTEEL
2023-04-18,EQ,107.2,107.9,106.85,107.15,107.55,107.6,107.33,1366.65,95,25476339,2734457761.1,81880,TATASTEEL
2023-04-17,EQ,107.6,108.3,106.75,107.5,107.2,107.15,107.25,1366.65,95,24642162,2642835449.5,124418,TATASTEEL
2023-04-13,EQ,107.5,108.15,105.9,107.6,107.6,107.5,106.9,1384,95,34880922,3728837192.45,123611,TATASTEEL
2023-04-12,EQ,108.2,108.4,106.95,107.55,107.7,107.6,107.81,1384,95,27349538,2948517983.1,128731,TATASTEEL
2023-04-11,EQ,105.55,107.85,105.1,104.95,107.6,107.55,106.2,1384,95,49304956,5236110495.1,130047,TATASTEEL
2023-04-10,EQ,104.5,105.75,104.5,104.35,105.1,104.95,105.07,1384,95,19992257,2100642987.95,99915,TATASTEEL
2023-04-06,EQ,104.85,105.1,104.2,104.85,104.5,104.35,104.58,1386.7,95,21053782,2201800059.7,95727,TATASTEEL
2023-04-05,EQ,104.1,105,103.2,104.1,104.8,104.85,104.27,1386.7,95,25194802,2627043258.3,126999,TATASTEEL
2023-04-03,EQ,105.1,105.25,103.8,104.5,104.15,104.1,104.3,1386.7,95,21840428,2278058629.4,111674,TATASTEEL
2023-03-31,EQ,105,105.5,104.1,103.6,104.5,104.5,104.9,1386.7,95,34579415,3627314028.05,143838,TATASTEEL
2023-03-29,EQ,102.5,104.5,101.65,102.5,103.8,103.6,102.55,1386.7,95,37221124,3817072842.05,150605,TATASTEEL
2023-03-28,EQ,102.85,103.1,102.35,102.3,102.6,102.5,102.66,1386.7,95,18703734,1920212067.45,119164,TATASTEEL
2023-03-27,EQ,102.55,103.4,102.1,102.1,102.3,102.3,102.63,1386.7,95,24753289,2540528569.55,149006,TATASTEEL
2023-03-24,EQ,105,105.05,101.55,104.9,102.05,102.1,103.1,1386.7,95,39014278,4022377160.1,241782,TATASTEEL
2023-03-23,EQ,104.4,105.5,104.35,104.8,105,104.9,105.06,1386.7,95,20913844,2197143347.9,114789,TATASTEEL
2023-03-22,EQ,104.75,105.95,104.4,104.75,104.95,104.8,105.21,1386.7,95,25891259,2724080059.55,105023,TATASTEEL
2023-03-21,EQ,105.1,105.4,104.3,104.5,104.8,104.75,104.71,1386.7,95,26434897,2768091153.4,142994,TATASTEEL
2023-03-20,EQ,106.1,106.45,103.85,107,104.5,104.5,104.71,1386.7,95,41569640,4352603949.85,182679,TATASTEEL
2023-03-17,EQ,106.45,107.35,105,105.05,107.15,107,106.25,1386.7,95,48962238,5202472538.4,165069,TATASTEEL
2023-03-16,EQ,107.25,107.25,103.7,108.65,105.3,105.05,104.83,1386.7,95,81088340,8500165789.1,276188,TATASTEEL
2023-03-15,EQ,107.5,109.15,107.4,106.4,108.7,108.65,108.53,1386.7,95,38930902,4225315557.85,150243,TATASTEEL
2023-03-14,EQ,107,108.55,106.2,106.8,106.55,106.4,107.38,1386.7,95,48584984,5217199866.9,166949,TATASTEEL
2023-03-13,EQ,108.25,109,106.35,108.1,107.15,106.8,107.66,1386.7,95,34552596,3720063116.85,143686,TATASTEEL
2023-03-10,EQ,107,108.35,106.6,108.2,108.15,108.1,107.74,1386.7,95,47699832,5138944228.45,154176,TATASTEEL
2023-03-09,EQ,107.85,108.95,107.5,106.5,108.2,108.2,108.41,1386.7,95,51967449,5633985537.85,199963,TATASTEEL
2023-03-08,EQ,105.3,106.9,104,105.65,106.4,106.5,106.1,1386.7,95,43939583,4661890631.85,176234,TATASTEEL
2023-03-06,EQ,107.5,107.6,105,107,105.85,105.65,106.04,1386.7,95,106868143,11331946650,235575,TATASTEEL
2023-03-03,EQ,106,107.45,105,104.65,107.45,107,105.92,1386.7,95,117175295,12410956853.75,212882,TATASTEEL
2023-03-02,EQ,106.05,106.9,104.35,105.5,104.85,104.65,105.14,1386.7,95,55276248,5811826485.25,200155,TATASTEEL
2023-03-01,EQ,104.7,107.1,104.5,103.95,105.7,105.5,105.57,1386.7,95,76175319,8041859455.85,212265,TATASTEEL
2023-02-28,EQ,106.85,107.05,103.55,106.1,104.1,103.95,104.68,1386.7,95,76540448,8012243048.1,273452,TATASTEEL
2023-02-27,EQ,109.8,110.05,105.15,109.75,106.5,106.1,106.67,1386.7,95,56217189,5996571618.55,276383,TATASTEEL
2023-02-24,EQ,112.5,112.9,109.55,112.05,109.85,109.75,110.47,1386.7,95,34326940,3792036662.95,154954,TATASTEEL
2023-02-23,EQ,111.55,113.65,111.35,111.15,112.2,112.05,112.32,1386.7,95,30845778,3464472213.65,153482,TATASTEEL
2023-02-22,EQ,113.25,113.7,110.65,113.15,111.15,111.15,111.85,1386.7,95,24391211,2728186737.25,128818,TATASTEEL
2023-02-21,EQ,112.9,114.2,112.75,112.35,113.45,113.15,113.56,1386.7,95,29830864,3387474094.25,149603,TATASTEEL
2023-02-20,EQ,112.3,112.7,111.05,112.25,112.55,112.35,112.16,1386.7,95,19896764,2231699003.55,105686,TATASTEEL
2023-02-17,EQ,111.55,113.1,111.3,112,112.1,112.25,112.56,1386.7,95,34107244,3839275198.65,150582,TATASTEEL
2023-02-16,EQ,111,112.2,110.65,110.3,112,112,111.38,1386.7,95,30956191,3447951206.65,133246,TATASTEEL
2023-02-15,EQ,109,110.6,108.8,109.25,110.35,110.3,109.82,1386.7,95,35544190,3903313900.75,150839,TATASTEEL
2023-02-14,EQ,109.55,109.9,108.25,108.75,109.3,109.25,109.07,1386.7,95,31163587,3399153115.15,147750,TATASTEEL
2023-02-13,EQ,108.8,110.6,108.4,108.8,109.15,108.75,109.23,1386.7,95,56186469,6136999513.3,213478,TATASTEEL
2023-02-10,EQ,111,111.25,108.3,111.25,108.75,108.8,109.08,1386.7,95,60810058,6633301056.7,270870,TATASTEEL
2023-02-09,EQ,112.15,112.95,109.95,111.45,111.35,111.25,111.11,1386.7,95,64710455,7190126333.05,195025,TATASTEEL
2023-02-08,EQ,111.45,112.75,110.1,111.45,111.6,111.45,111.47,1386.7,95,66523699,7415660810.8,246258,TATASTEEL
2023-02-07,EQ,112.6,115.35,110.55,117.45,111.2,111.45,112.53,1386.7,95,110953246,12485538285.3,427378,TATASTEEL
2023-02-06,EQ,120,120,117,120.35,117.2,117.45,117.84,1386.7,95,49546361,5838695548.5,209239,TATASTEEL
2023-02-03,EQ,120.05,121,117.2,119.95,120,120.35,119.18,1386.7,95,46977350,5598705778.3,180644,TATASTEEL
2023-02-02,EQ,121.95,122.5,118.4,122.05,120,119.95,119.7,1386.7,95,38768010,4640608722.05,156869,TATASTEEL
2023-02-01,EQ,120.1,124.15,119.3,119.7,122.05,122.05,122.17,1386.7,95,72919626,8908255658.1,218692,TATASTEEL
2023-01-31,EQ,118.75,120.45,117.75,118.75,119.6,119.7,119.48,1386.7,95,43986769,5255511455.05,165252,TATASTEEL
2023-01-30,EQ,120.45,121.1,116.9,120.65,118.65,118.75,118.48,1386.7,95,46551837,5515300590.95,197879,TATASTEEL
2023-01-27,EQ,121.9,123.25,119.1,121,120.65,120.65,121.04,1386.7,95,58771746,7113714095.55,193540,TATASTEEL
2023-01-25,EQ,120.35,122.25,120.1,120.4,121,121,120.91,1386.7,95,46522102,5624860373.1,152844,TATASTEEL
2023-01-24,EQ,122.5,122.55,120.1,122,120.4,120.4,121.01,1386.7,95,27707765,3353043685.55,137675,TATASTEEL
2023-01-23,EQ,123.4,123.85,121.5,122.95,121.8,122,122.6,1386.7,95,28601260,3506407861.1,133056,TATASTEEL
2023-01-20,EQ,123.4,124.2,122,123.55,122.9,122.95,123.27,1386.7,95,37784498,4657678101.5,160324,TATASTEEL
2023-01-19,EQ,121.8,124.3,121.15,122.45,123.5,123.55,123.39,1386.7,95,53564076,6609306267.85,238773,TATASTEEL
2023-01-18,EQ,120,123,120,119.35,122.2,122.45,122.08,1386.7,95,64749065,7904467813.2,236724,TATASTEEL
2023-01-17,EQ,119.75,119.9,118,119.95,119.3,119.35,119,1386.7,95,27880531,3317731473.65,117336,TATASTEEL
2023-01-16,EQ,121.45,121.45,118.8,120.45,119.65,119.95,119.8,1386.7,95,44362359,5314417958.05,178138,TATASTEEL
2023-01-13,EQ,118.55,121.6,118.15,118.1,120.35,120.45,120.31,1386.7,95,68884010,8287320121.45,242859,TATASTEEL
2023-01-12,EQ,118.95,119.25,117.6,118.85,117.9,118.1,118.16,1386.7,95,33740024,3986728182.75,127108,TATASTEEL
2023-01-11,EQ,119.45,120.35,118,118.85,118.6,118.85,119.04,1386.7,95,49321252,5871210496.25,182298,TATASTEEL
2023-01-10,EQ,117.65,119.75,117.55,117.55,118.7,118.85,118.63,1386.7,95,56750710,6732375346.95,206267,TATASTEEL
2023-01-09,EQ,116.9,118.1,116.55,115.65,117.6,117.55,117.54,1386.7,95,37763131,4438628753.1,184045,TATASTEEL
2023-01-06,EQ,117,117.85,115.25,116.55,115.6,115.65,116.57,1386.7,95,58551863,6825354273.05,187180,TATASTEEL
2023-01-05,EQ,116.5,117,114.5,115.75,116.8,116.55,115.74,1386.7,95,58806907,6806057647.8,238074,TATASTEEL
2023-01-04,EQ,118.75,119.05,115.35,118.45,115.45,115.75,116.56,1386.7,95,55634568,6484836352.55,219447,TATASTEEL
2023-01-03,EQ,119.8,120.5,117.75,119.25,118.5,118.45,119.04,1386.7,95,74419090,8859042586.45,279140,TATASTEEL
2023-01-02,EQ,114.4,119.7,113.75,112.65,119.1,119.25,117.82,1386.7,95,143444095,16899938209.6,481935,TATASTEEL
2022-12-30,EQ,112.9,114.75,112.1,111.75,112.85,112.65,113.48,1386.7,95,56048485,6360199033.4,209598,TATASTEEL
2022-12-29,EQ,109,112,108.85,110,111.65,111.75,110.83,1386.7,95,51751642,5735642386.1,171506,TATASTEEL
2022-12-28,EQ,111.05,112.3,109.7,111.15,110.2,110,110.95,1386.7,95,50660601,5620984092.1,186350,TATASTEEL
2022-12-27,EQ,106.65,111.55,105.85,105,111.3,111.15,109.38,1386.7,95,76033410,8316497757,241759,TATASTEEL
2022-12-26,EQ,102.8,105.55,101.65,102.25,104.95,105,104.39,1386.7,95,33995681,3548856093.4,160626,TATASTEEL
2022-12-23,EQ,106,106.75,101.95,107.65,102.25,102.25,103.97,1386.7,95,46756489,4861179723.65,247994,TATASTEEL
2022-12-22,EQ,110,110.6,106.35,109.4,107.25,107.65,107.78,1386.7,95,39639329,4272289160.15,156763,TATASTEEL
2022-12-21,EQ,111.8,112,108.7,110.95,109.6,109.4,110.33,1386.7,95,32303565,3564029185.2,123288,TATASTEEL
2022-12-20,EQ,111.15,111.5,109,111.8,111,110.95,110.28,1386.7,95,34836506,3841678276.75,124555,TATASTEEL
2022-12-19,EQ,111.05,112.1,110.8,111.05,111.7,111.8,111.48,1386.7,95,17297590,1928331474.4,110179,TATASTEEL
2022-12-16,EQ,110.35,112.1,109.45,110.95,110.8,111.05,110.78,1386.7,95,34736665,3848127933.45,121660,TATASTEEL
2022-12-15,EQ,112.65,113.45,110.7,113.05,110.9,110.95,111.72,1386.7,95,34361613,3838903320.85,179928,TATASTEEL
2022-12-14,EQ,111.6,113.2,111.1,111.2,113.05,113.05,112.43,1386.7,95,38606984,4340715290.6,250142,TATASTEEL
2022-12-13,EQ,112.55,112.85,110.8,111.7,111.25,111.2,111.47,1386.7,95,32264080,3596515740.25,111948,TATASTEEL
2022-12-12,EQ,110.2,112.1,108.7,110.45,111.95,111.7,110.86,1386.7,95,37082389,4110851619.65,134511,TATASTEEL
2022-12-09,EQ,112.8,113.75,109.7,111.85,110.4,110.45,111.58,1386.7,95,35665257,3979539564.25,150422,TATASTEEL
2022-12-08,EQ,111.75,113,110.8,111.2,112,111.85,111.73,1386.7,95,32416724,3621976760.8,138285,TATASTEEL
2022-12-07,EQ,113.4,113.5,110.85,112.95,111.2,111.2,111.93,1386.7,95,39494279,4420597087.65,152182,TATASTEEL
2022-12-06,EQ,115.35,115.35,112.25,115.85,112.95,112.95,113.31,1386.7,95,50581245,5731246025.85,204447,TATASTEEL
2022-12-05,EQ,113.3,116.1,112.65,112,115.45,115.85,114.79,1386.7,95,96441799,11070587626.6,319132,TATASTEEL
2022-12-02,EQ,110.8,112.5,110.15,110.75,111.85,112,111.54,1386.7,95,70541914,7868561475.35,227806,TATASTEEL
2022-12-01,EQ,108.7,111.3,108,107.65,110.55,110.75,109.75,1386.7,95,91702642,10064703817.75,283438,TATASTEEL
2022-11-30,EQ,106.1,107.95,105.9,106.1,107.55,107.65,107.35,1386.7,95,61142050,6563796708.15,135519,TATASTEEL
2022-11-29,EQ,105,107.65,104.95,104.9,106.05,106.1,106.54,1386.7,95,40661568,4332103822.55,126137,TATASTEEL
2022-11-28,EQ,106,106.4,104.5,106.2,104.9,104.9,105.01,1386.7,95,33516118,3519507321.2,131701,TATASTEEL
2022-11-25,EQ,105.6,106.5,105.1,105.5,106.4,106.2,105.96,1386.7,95,27361785,2899278217.3,108745,TATASTEEL
2022-11-24,EQ,105.85,105.95,104.6,105.45,105.45,105.5,105.32,1386.7,95,23737867,2500041736.8,126322,TATASTEEL
2022-11-23,EQ,105.7,106,104.95,105.2,105.4,105.45,105.46,1386.7,95,22809651,2405544449.55,115335,TATASTEEL
2022-11-22,EQ,104.4,105.4,103.55,104.25,105.35,105.2,104.47,1386.7,95,27846186,2909218047.9,104893,TATASTEEL
2022-11-21,EQ,107.7,107.7,103.85,105.5,104.1,104.25,105.39,1386.7,95,58404309,6155232063.4,174056,TATASTEEL
2022-11-18,EQ,105.85,106.3,104.7,105.85,105.6,105.5,105.44,1386.7,95,28992538,3057045391.4,104183,TATASTEEL
2022-11-17,EQ,105.9,106.8,104.5,106.55,105.85,105.85,105.44,1386.7,95,32894825,3468387429.4,142955,TATASTEEL
2022-11-16,EQ,108.45,108.8,105.2,108.55,106.4,106.55,106.96,1386.7,95,40404167,4321518992.7,159611,TATASTEEL
2022-11-15,EQ,109,109.35,107.2,108.7,108.5,108.55,108.04,1386.7,95,35007427,3782360832.2,123984,TATASTEEL
2022-11-14,EQ,108.5,110,108.25,107.55,108.7,108.7,109.11,1386.7,95,55474425,6052718955.6,201128,TATASTEEL
2022-11-11,EQ,106.25,108.2,106.25,104.7,107.6,107.55,107.45,1386.7,95,77933417,8374174601.75,216946,TATASTEEL
2022-11-10,EQ,105.2,106,104.45,106.1,104.85,104.7,105.18,1386.7,95,27864285,2930887692.25,97383,TATASTEEL
2022-11-09,EQ,107.25,107.55,105.55,106.7,105.9,106.1,106.32,1386.7,95,38295904,4071757227.05,166229,TATASTEEL
2022-11-07,EQ,105.9,107.45,104.6,104.75,106.65,106.7,106.48,1386.7,95,74426059,7925231204.7,267008,TATASTEEL
2022-11-04,EQ,102.5,105,102.2,102,104.85,104.75,103.7,1386.7,95,70299020,7289721600.05,206087,TATASTEEL
2022-11-03,EQ,100.75,102.45,100,101.25,101.95,102,101.64,1386.7,95,39110676,3975105986.05,116765,TATASTEEL
2022-11-02,EQ,101,103,100.8,101.2,101.15,101.25,101.83,1386.7,95,42336049,4310879559.9,148289,TATASTEEL
2022-11-01,EQ,98.55,101.45,98.55,101.55,101.2,101.2,100.26,1386.7,95,69031178,6920926318.5,211594,TATASTEEL
2022-10-31,EQ,101.9,102.15,100.3,101.6,101.1,101.55,101.24,1386.7,95,38715841,3919494016.6,145456,TATASTEEL
2022-10-28,EQ,104.1,104.6,100.8,104.2,101.65,101.6,101.92,1386.7,95,51006232,5198345634.55,162471,TATASTEEL
2022-10-27,EQ,102.25,104.65,102.05,101.2,104.2,104.2,103.87,1386.7,95,74349009,7722338849.35,225376,TATASTEEL
2022-10-25,EQ,101.15,102.5,100.7,101.2,101.1,101.2,101.49,1386.7,95,37163180,3771578858.15,129443,TATASTEEL
2022-10-24,EQ,102,102.1,101,100.2,101.2,101.2,101.31,1386.7,95,7480281,757857437.65,110758,TATASTEEL
2022-10-21,EQ,100.85,101.45,99.35,100.9,100.2,100.2,100.26,1426.55,95,30973997,3105517885,102319,TATASTEEL
2022-10-20,EQ,99.5,101.2,98.8,100.05,101.1,100.9,100.04,1426.55,95,38091315,3810489028.1,153737,TATASTEEL
2022-10-19,EQ,100.6,101.25,99.7,100.65,100.05,100.05,100.5,1426.55,95,38764542,3895723116.05,140168,TATASTEEL
2022-10-18,EQ,100.3,101,99.8,99.55,100.7,100.65,100.53,1426.55,95,30722156,3088365889.65,105023,TATASTEEL
2022-10-17,EQ,99.75,100.4,98.1,100.1,99.7,99.55,99.46,1426.55,95,37568783,3736649675.55,149473,TATASTEEL
2022-10-14,EQ,101.85,102.8,99.9,100.1,100.2,100.1,101.24,1426.55,95,32456805,3285919912.45,133251,TATASTEEL
2022-10-13,EQ,101.1,101.8,98.8,100.55,100.2,100.1,100.03,1426.55,95,34668093,3467784413.05,153438,TATASTEEL
2022-10-12,EQ,100.35,101.2,99,100.35,100.65,100.55,100.23,1426.55,95,41357469,4145079977.55,169332,TATASTEEL
2022-10-11,EQ,103.55,103.65,99.8,103.2,100,100.35,101.55,1426.55,95,41083734,4171955283.9,171088,TATASTEEL
2022-10-10,EQ,102,103.5,101.15,103.3,103.15,103.2,102.44,1426.55,95,36641275,3753418355.6,153885,TATASTEEL
2022-10-07,EQ,103.3,103.5,101.9,103.55,103.2,103.3,102.58,1426.55,95,36080875,3701016169.55,153167,TATASTEEL
2022-10-06,EQ,102,103.8,101.75,101.15,103.35,103.55,103.14,1426.55,95,48169310,4968384709.85,203945,TATASTEEL
2022-10-04,EQ,100.3,101.5,100,98.35,101.4,101.15,100.8,1426.55,95,40186702,4050787705.9,199183,TATASTEEL
2022-10-03,EQ,99.6,99.65,98,99.3,98.3,98.35,98.53,1426.55,95,37282313,3673372459.55,180577,TATASTEEL
2022-09-30,EQ,96.85,100.4,95.7,96.85,99.6,99.3,98.18,1426.55,95,66436616,6522717206.05,231910,TATASTEEL
2022-09-29,EQ,97,98.25,96.4,95.2,96.95,96.85,97.21,1426.55,95,60884592,5918516554.85,236749,TATASTEEL
2022-09-28,EQ,96.55,97.85,95,97.65,95.2,95.2,96.49,1426.55,95,71724106,6920843177.9,347116,TATASTEEL
2022-09-27,EQ,101.35,101.35,96.5,99.85,97.95,97.65,97.97,1426.55,96.5,104949032,10281458412.55,418818,TATASTEEL
2022-09-26,EQ,104.4,104.45,98.5,104.3,99.9,99.85,100.13,1426.55,97.15,101291962,10142672607.35,552989,TATASTEEL
2022-09-23,EQ,106.2,107.9,103.75,103.6,104.4,104.3,105.16,1426.55,97.15,109765520,11542851207.85,352158,TATASTEEL
2022-09-22,EQ,104.45,105.3,103.5,104.45,103.75,103.6,104.11,1426.55,97.15,61380323,6390476684.45,183741,TATASTEEL
2022-09-21,EQ,105.8,107.2,104.3,105.8,104.45,104.45,105.64,1426.55,97.15,46142823,4874375519.4,170849,TATASTEEL
2022-09-20,EQ,104.2,106.35,104,103.1,106.05,105.8,105.45,1426.55,97.15,52140254,5498177496.75,179678,TATASTEEL
2022-09-19,EQ,106.2,106.2,103,105.7,103.2,103.1,104.19,1426.55,97.15,51146568,5329092149.05,291377,TATASTEEL
2022-09-16,EQ,106.2,107.5,105,107,105.6,105.7,105.95,1476,97.15,107967267,11438611861.2,288544,TATASTEEL
2022-09-15,EQ,108.65,109,106.5,109.15,107.1,107,107.47,1476,97.15,62926791,6762926980,229883,TATASTEEL
2022-09-14,EQ,106.3,110.4,105.8,107.75,108.9,109.15,108.45,1476,97.15,86379872,9367682710.85,258040,TATASTEEL
2022-09-13,EQ,108,108.7,107.55,107.75,107.85,107.75,107.97,1476,97.15,44179394,4770125367.9,167267,TATASTEEL
2022-09-12,EQ,106.8,107.95,106.5,105.7,107.65,107.75,107.27,1476,97.15,40838533,4380870294.6,157265,TATASTEEL
2022-09-09,EQ,107,107.35,105.5,105.85,105.85,105.7,106.31,1476,97.15,63647166,6766144287.45,259668,TATASTEEL
2022-09-08,EQ,108.4,108.4,105.35,107.6,105.95,105.85,106.3,1476,97.15,71228405,7571819644.9,272918,TATASTEEL
2022-09-07,EQ,107.55,108.9,107.1,108.6,107.6,107.6,107.71,1476,97.15,43945660,4733600727.6,173170,TATASTEEL
2022-09-06,EQ,107.4,108.8,106.05,106.9,108.5,108.6,107.47,1476,97.15,59505849,6395325841.4,188792,TATASTEEL
2022-09-05,EQ,106.05,107.3,105.8,105.5,106.8,106.9,106.8,1476,97.15,40352735,4309547186.7,151617,TATASTEEL
2022-09-02,EQ,107,107,105,106.4,105.6,105.5,105.79,1476,97.15,45601352,4824328207.9,199259,TATASTEEL
2022-09-01,EQ,107,107.75,105.9,108.3,106.6,106.4,106.64,1476,97.15,52454732,5593727756.85,216010,TATASTEEL
2022-08-30,EQ,106.5,108.5,106.05,104.85,108.45,108.3,107.44,1476,97.15,67401780,7241568190.85,194644,TATASTEEL
2022-08-29,EQ,104.05,105.65,103.25,107.35,105.05,104.85,104.73,1476,97.15,59895805,6272782501.15,301406,TATASTEEL
2022-08-26,EQ,107.25,109.2,107.1,106.25,107.5,107.35,108.14,1476,97.15,71257092,7705922708.05,215991,TATASTEEL
2022-08-25,EQ,107.05,107.9,105.75,106.55,106.5,106.25,106.98,1476,97.15,42186335,4513082704.7,172570,TATASTEEL
2022-08-24,EQ,107.55,108.15,105.75,107.6,106.3,106.55,106.69,1476,97.15,55686404,5941287674.1,247974,TATASTEEL
2022-08-23,EQ,104.2,108.25,103.5,105.05,107.9,107.6,106.67,1476,97.15,70531639,7523872406.95,262215,TATASTEEL
2022-08-22,EQ,109.5,109.6,104.7,110.05,105.2,105.05,106.79,1476,97.15,74037526,7906795316.15,402941,TATASTEEL
2022-08-19,EQ,112.55,112.9,109.55,112.55,109.75,110.05,111.08,1534.5,97.15,57134813,6346785640.6,227022,TATASTEEL
2022-08-18,EQ,112.5,113,111.4,112.5,112.7,112.55,112.33,1534.5,97.15,49396425,5548515767.75,179401,TATASTEEL
2022-08-17,EQ,113.5,113.5,112.25,113,112.4,112.5,112.85,1534.5,97.15,54008422,6094999817.65,207669,TATASTEEL
2022-08-16,EQ,113.7,113.7,111.1,112.65,113,113,112.55,1534.5,97.15,69207437,7789100716.7,238391,TATASTEEL
2022-08-12,EQ,109.35,112.9,108.8,109.1,112.8,112.65,111.88,1534.5,97.15,95942333,10733610778.1,307921,TATASTEEL
2022-08-11,EQ,110.3,110.65,108.6,109.2,109,109.1,109.49,1534.5,97.15,75321498,8247181079.65,215699,TATASTEEL
2022-08-10,EQ,107.9,109.9,106.5,107.2,109.2,109.2,108.23,1534.5,97.15,73880698,7996457230.3,241058,TATASTEEL
2022-08-08,EQ,107.85,108.15,106.7,107.35,107.25,107.2,107.35,1534.5,97.15,41384943,4442543901.95,162485,TATASTEEL
2022-08-05,EQ,107.65,109.25,107.1,107.7,107.3,107.35,108.04,1534.5,97.15,54469112,5885013963,179580,TATASTEEL
2022-08-04,EQ,107.5,109.5,106.05,107.05,107.6,107.7,107.86,1534.5,97.15,79526154,8577818116.05,275745,TATASTEEL
2022-08-03,EQ,107,108.45,106,107,107.1,107.05,106.93,1534.5,97.15,61428846,6568325454.7,235976,TATASTEEL
2022-08-02,EQ,108,108,105.35,108.25,106.9,107,106.84,1534.5,97.15,64935371,6937671692,279505,TATASTEEL
2022-08-01,EQ,110.5,111.45,106.15,107.6,108.25,108.25,108.42,1534.5,97.15,125365761,13592194355.85,468883,TATASTEEL
2022-07-29,EQ,103,109.3,102.15,100.35,107.8,107.6,106.71,1534.5,97.15,166959934,17816038805.05,618198,TATASTEEL
2022-07-28,EQ,98.1,102,97.15,959.4,100.2,100.35,99.48,1534.5,97.15,137156107,13644336927.1,628262,TATASTEEL
2022-07-27,EQ,951,961.55,943.6,949.5,960.4,959.4,953.43,1534.5,827,5255902,5011119637.7,144783,TATASTEEL
2022-07-26,EQ,972,976.7,946.05,960.7,947.95,949.5,959.86,1534.5,827,12626469,12119595065.95,228226,TATASTEEL
2022-07-25,EQ,935,964.85,933.6,936.05,964.7,960.7,955.02,1534.5,827,9963563,9515399224.15,205117,TATASTEEL
2022-07-22,EQ,942.5,944,932,934.3,935.9,936.05,938.09,1534.5,827,4860894,4559941726.45,110550,TATASTEEL
2022-07-21,EQ,930,938.85,924.5,928.45,936,934.3,933.79,1534.5,827,5087714,4750878150.95,109848,TATASTEEL
2022-07-20,EQ,935.95,938,925.2,919.45,926.5,928.45,931.58,1534.5,827,7708865,7181425855.2,169795,TATASTEEL
2022-07-19,EQ,901,921.9,901,904.3,920,919.45,916.94,1534.5,827,8534158,7825312413.05,158735,TATASTEEL
2022-07-18,EQ,897,908,892.25,883.8,904,904.3,900.76,1534.5,827,7306081,6581015540.8,142942,TATASTEEL
2022-07-15,EQ,905,910.3,877.5,908,884.05,883.8,891.31,1534.5,827,8125351,7242237144.35,168508,TATASTEEL
2022-07-14,EQ,910,911,895,904.85,908,908,903.26,1534.5,827,7449858,6729154713.35,126538,TATASTEEL
2022-07-13,EQ,905.95,914.2,900.65,902.1,903.7,904.85,906.95,1534.5,827,7013511,6360873098.65,128092,TATASTEEL
2022-07-12,EQ,904.9,915.95,893.6,912.75,902,902.1,902.2,1534.5,827,10017505,9037768425.8,179371,TATASTEEL
2022-07-11,EQ,885.2,929,875.05,885.9,912.9,912.75,907.93,1534.5,827,15019334,13636472253.1,247195,TATASTEEL
2022-07-08,EQ,917.9,917.9,880.5,900,885.25,885.9,889.86,1534.5,827,11200063,9966519524.5,192857,TATASTEEL
2022-07-07,EQ,867,906.55,858.5,858.15,906.5,900,881.13,1534.5,827,11100794,9781286467,191485,TATASTEEL
2022-07-06,EQ,858.45,861.1,838.05,860.15,859,858.15,847.67,1534.5,827,8143971,6903395020.7,180324,TATASTEEL
2022-07-05,EQ,862,879.2,857.8,854.55,859.95,860.15,868.56,1534.5,827,7905829,6866701254.25,165787,TATASTEEL
2022-07-04,EQ,868.5,871.2,843.3,872.85,854.9,854.55,851.17,1534.5,827,7755441,6601228052,178798,TATASTEEL
2022-07-01,EQ,866.95,875,859.1,867.05,871.2,872.85,866.84,1534.5,827,5476189,4747001323.25,123156,TATASTEEL
2022-06-30,EQ,881.5,894.5,863.3,881.6,864.5,867.05,877.46,1534.5,827,8467209,7429607359.1,211151,TATASTEEL
2022-06-29,EQ,870,888.8,868.5,878.9,879,881.6,881.03,1534.5,827,7231847,6371473361.5,167663,TATASTEEL
2022-06-28,EQ,866,884.4,860.4,867.85,880,878.9,873.85,1534.5,827,8464733,7396932361.3,169907,TATASTEEL
2022-06-27,EQ,870.5,878.85,863.05,852.85,867,867.85,870.4,1534.5,827,7281473,6337792524,153032,TATASTEEL
2022-06-24,EQ,850,864.75,844.65,841.3,851.8,852.85,853.23,1534.5,827,8543381,7289500677.75,180026,TATASTEEL
2022-06-23,EQ,840,855.95,827,838.1,840.75,841.3,841.5,1534.5,827,11151584,9384044004.3,241728,TATASTEEL
2022-06-22,EQ,872.95,873.85,835.7,884.8,836.8,838.1,849.47,1534.5,835.7,10987739,9333787063.8,282263,TATASTEEL
2022-06-21,EQ,875,895.5,864,861.4,882.55,884.8,876.6,1534.5,842.65,12452697,10916019464.45,223878,TATASTEEL
2022-06-20,EQ,905,905,842.65,906.7,865,861.4,861.47,1534.5,842.65,13986689,12049109008.45,296336,TATASTEEL
2022-06-17,EQ,898,927.4,895.5,901.7,907,906.7,912.33,1534.5,895.5,12129026,11065731966.85,269485,TATASTEEL
2022-06-16,EQ,975,975,898.2,959.55,898.65,901.7,931.04,1534.5,898.2,12274105,11427723603.3,337857,TATASTEEL
2022-06-15,EQ,953.95,974.25,950.65,996.15,960.5,959.55,961.7,1534.5,950.65,9244333,8890289549.6,224117,TATASTEEL
2022-06-14,EQ,988.25,1013.7,985.55,991.95,997.05,996.15,1001.17,1534.5,985.55,7720260,7729330686.7,173596,TATASTEEL
2022-06-13,EQ,1004.3,1012,990,1023.7,995,991.95,998.95,1534.5,990,8223575,8214919302.2,264924,TATASTEEL
2022-06-10,EQ,1030,1031.4,1010.65,1044.85,1023,1023.7,1020.74,1534.5,991.8,9522563,9720036515.1,235426,TATASTEEL
2022-06-09,EQ,1074.95,1087.25,1041.2,1086.75,1041.35,1044.85,1055.38,1534.5,991.8,9854781,10400542210.2,247940,TATASTEEL
2022-06-08,EQ,1081,1088.9,1074.05,1068.5,1086.25,1086.75,1083.69,1534.5,991.8,6473434,7015173441.45,183637,TATASTEEL
2022-06-07,EQ,1067,1081.5,1063.55,1078.1,1069,1068.5,1069.34,1534.5,991.8,4334157,4634674457.15,89594,TATASTEEL
2022-06-06,EQ,1065,1082.9,1049.2,1067.3,1079,1078.1,1070.79,1534.5,991.8,5726249,6131623842.3,157272,TATASTEEL
2022-06-03,EQ,1092,1092.8,1065,1081.55,1067,1067.3,1075.73,1534.5,991.8,5395486,5804071537.4,134583,TATASTEEL
2022-06-02,EQ,1067.75,1084.75,1059.1,1063.55,1081,1081.55,1071.47,1534.5,991.8,7917704,8483566200.8,176345,TATASTEEL
2022-06-01,EQ,1065.5,1079,1053.3,1055.65,1061,1063.55,1065.59,1534.5,991.8,9405529,10022443775.45,196673,TATASTEEL
2022-05-31,EQ,1045,1071.9,1037,1047.45,1055.75,1055.65,1059.42,1534.5,991.8,12124885,12845390666.15,218150,TATASTEEL
2022-05-30,EQ,1059,1063.8,1043.5,1043.5,1047,1047.45,1052.09,1534.5,991.8,7270159,7648867514.95,174459,TATASTEEL
2022-05-27,EQ,1062.5,1067.65,1032,1052,1043,1043.5,1046.56,1534.5,991.8,7477220,7825323762.2,171055,TATASTEEL
2022-05-26,EQ,1007,1067.55,995.25,999.1,1049.9,1052,1033.14,1534.5,991.8,15053673,15552552283.05,307131,TATASTEEL
2022-05-25,EQ,1006.35,1018.35,991.8,1006.35,998.45,999.1,1003.91,1534.5,991.8,9934340,9973206376.85,259288,TATASTEEL
2022-05-24,EQ,1031,1039.9,1002,1022.95,1005.5,1006.35,1019.59,1534.5,1001.55,12311666,12552845856.45,334234,TATASTEEL
2022-05-23,EQ,1097,1097,1001.55,1170.6,1026.35,1022.95,1028.79,1534.5,1001.55,27388346,28176958026.25,679018,TATASTEEL
2022-05-20,EQ,1162.35,1178.4,1141.2,1122.15,1169,1170.6,1160.8,1534.5,1050.25,6552750,7606442066.55,151877,TATASTEEL
2022-05-19,EQ,1151,1154.9,1115.2,1180.25,1129,1122.15,1131.89,1534.5,1050.25,6654563,7532244311.55,203644,TATASTEEL
2022-05-18,EQ,1197,1209,1175,1188.7,1182,1180.25,1188.16,1534.5,1050.25,8157580,9692512041.05,181740,TATASTEEL
2022-05-17,EQ,1124,1197.2,1115.35,1103.5,1188.65,1188.7,1159.41,1534.5,1050.25,11287601,13086910016.65,266051,TATASTEEL
2022-05-16,EQ,1119,1134.8,1094,1097,1109,1103.5,1113.49,1534.5,1050.25,6266527,6977732748.35,166059,TATASTEEL
2022-05-13,EQ,1135,1151.8,1092,1117.7,1094.85,1097,1121.87,1534.5,1050.25,8292441,9303075384.5,216773,TATASTEEL
2022-05-12,EQ,1156.9,1162.4,1103,1165.7,1118.9,1117.7,1123.94,1534.5,1050.25,9419161,10586609044.2,258893,TATASTEEL
2022-05-11,EQ,1175,1190.9,1123.4,1164.9,1172.9,1165.7,1156.89,1534.5,1050.25,10706315,12386051281.1,243457,TATASTEEL
2022-05-10,EQ,1251,1254.65,1158.55,1252.25,1161.25,1164.9,1196.85,1534.5,1050.25,14553742,17418666398.75,344143,TATASTEEL
2022-05-09,EQ,1260,1274.2,1244,1283.7,1251.2,1252.25,1258.06,1534.5,1050.25,5055297,6359852196.2,137090,TATASTEEL
2022-05-06,EQ,1268,1290,1243,1284.25,1287,1283.7,1263.22,1534.5,1018.5,6925676,8748619578.85,187318,TATASTEEL
2022-05-05,EQ,1280,1316.5,1278,1261.35,1288,1284.25,1297.73,1534.5,1018.5,8733816,11334156938.6,210766,TATASTEEL
2022-05-04,EQ,1327.3,1330,1254.5,1295.2,1266,1261.35,1289.6,1534.5,1018.5,13837402,17844727443.05,357495,TATASTEEL
2022-05-02,EQ,1257,1302.75,1248.75,1271.05,1297,1295.2,1278.27,1534.5,1018.5,5442617,6957139104.35,119557,TATASTEEL
2022-04-29,EQ,1268,1291.7,1265.65,1260.85,1270,1271.05,1279.58,1534.5,930.05,5717352,7315837150.15,129717,TATASTEEL
2022-04-28,EQ,1259.5,1268.65,1243,1246.7,1258.65,1260.85,1255.22,1534.5,930.05,5129583,6438734682,130108,TATASTEEL
2022-04-27,EQ,1227,1255,1210.4,1233.6,1249,1246.7,1231.77,1534.5,930.05,7120974,8771371654.4,175421,TATASTEEL
2022-04-26,EQ,1235,1241.7,1225,1220.35,1232.8,1233.6,1233.12,1534.5,930.05,4481271,5525948859.35,128605,TATASTEEL
2022-04-25,EQ,1250,1262.95,1212.8,1277.55,1223,1220.35,1233.13,1534.5,930.05,7231046,8916844390.4,230680,TATASTEEL
2022-04-22,EQ,1301.6,1311.55,1273.75,1302.15,1278.95,1277.55,1291.07,1534.5,860,5584823,7210390040.9,159826,TATASTEEL
2022-04-21,EQ,1316,1322.75,1285.85,1314.25,1307,1302.15,1301.15,1534.5,860,6669028,8677427230.85,168216,TATASTEEL
2022-04-20,EQ,1329.7,1336.45,1303.05,1326.6,1315.9,1314.25,1318.65,1534.5,860,5410021,7133940458.5,131794,TATASTEEL
2022-04-19,EQ,1352.6,1366.65,1309,1339.1,1315,1326.6,1350.88,1534.5,860,6477219,8749930979.45,154119,TATASTEEL
2022-04-18,EQ,1331.9,1358.05,1328.85,1319.5,1340.25,1339.1,1343.07,1534.5,860,8070042,10838623713.5,233360,TATASTEEL
2022-04-13,EQ,1334.95,1346,1315,1320.25,1316.05,1319.5,1328.33,1534.5,843.35,4493780,5969226933.65,104277,TATASTEEL
2022-04-12,EQ,1353,1359.95,1296.1,1357.9,1322,1320.25,1315.64,1534.5,843.35,6919168,9103139739.75,166013,TATASTEEL
2022-04-11,EQ,1370.7,1384,1353,1370.75,1354.55,1357.9,1368.12,1534.5,843.35,4477882,6126268528.4,112838,TATASTEEL
2022-04-08,EQ,1360.95,1379.95,1356.25,1349.5,1366.05,1370.75,1368.69,1534.5,837.15,5228771,7156591391.4,106015,TATASTEEL
2022-04-07,EQ,1377,1381,1341,1370.75,1353.7,1349.5,1360.25,1534.5,837.15,5565064,7569859990.1,131239,TATASTEEL
2022-04-06,EQ,1350,1386.7,1346.8,1344.9,1370,1370.75,1370.35,1534.5,837.15,11409754,15635306605.7,231426,TATASTEEL
2022-04-05,EQ,1348.45,1358,1329.25,1341.9,1344,1344.9,1343.14,1534.5,837.15,6329642,8501575038.95,139394,TATASTEEL
2022-04-04,EQ,1317.1,1354,1314.45,1317.1,1340.2,1341.9,1336.98,1534.5,837.15,6967032,9314756763,140874,TATASTEEL
2022-04-01,EQ,1310,1340.9,1305.45,1307.2,1317.15,1317.1,1321.2,1534.5,777.9,5532159,7309088664.3,122345,TATASTEEL
2022-03-31,EQ,1308,1320.45,1300.1,1308.05,1307.5,1307.2,1311.19,1534.5,777.9,4006795,5253688052.7,95450,TATASTEEL
2022-03-30,EQ,1335,1335.55,1300,1334.65,1306.2,1308.05,1308.4,1534.5,777.9,5848316,7651963500.35,170961,TATASTEEL
2022-03-29,EQ,1344,1346.15,1327,1338.95,1332,1334.65,1335.58,1534.5,777.9,4320237,5770018655.25,94177,TATASTEEL
2022-03-28,EQ,1340,1355,1327.6,1338.95,1339.3,1338.95,1341.72,1534.5,777.9,4655491,6246355569.25,139045,TATASTEEL
2022-03-25,EQ,1354.9,1366,1333.55,1350.55,1336,1338.95,1350.11,1534.5,688.35,6945744,9377535055.2,153608,TATASTEEL
2022-03-24,EQ,1330.95,1359.5,1325.95,1331,1346.95,1350.55,1348.57,1534.5,688.35,9460527,12758222562.2,208902,TATASTEEL
2022-03-23,EQ,1324,1347.8,1292.35,1302,1328.55,1331,1321.71,1534.5,688.35,13055238,17255295796.55,259263,TATASTEEL
2022-03-22,EQ,1320,1330,1288.05,1302.95,1308,1302,1308.02,1534.5,688.35,8179588,10699083341.2,179422,TATASTEEL
2022-03-21,EQ,1308,1334,1294.5,1303.45,1296,1302.95,1318.78,1534.5,688.35,8422763,11107780248.7,183002,TATASTEEL
2022-03-17,EQ,1275,1317.8,1271.1,1265.25,1300.05,1303.45,1297.78,1534.5,681.25,10623976,13787547257.25,211990,TATASTEEL
2022-03-16,EQ,1245,1271.2,1240.2,1233.75,1262,1265.25,1258.54,1534.5,681.25,6302451,7931873085.6,162595,TATASTEEL
2022-03-15,EQ,1291.8,1293,1228,1297,1229.05,1233.75,1251.97,1534.5,681.25,9614313,12036820173.55,289968,TATASTEEL
2022-03-14,EQ,1305,1311.7,1277.7,1301.7,1298.6,1297,1293.34,1534.5,681.25,5278082,6826343839.5,155247,TATASTEEL
2022-03-11,EQ,1315,1339.9,1296.2,1308.7,1298.5,1301.7,1316.2,1534.5,681.25,11882299,15639524482.95,283313,TATASTEEL
2022-03-10,EQ,1257.85,1313.8,1241,1255.35,1309.35,1308.7,1280.13,1534.5,681.25,13674062,17504564980.75,288992,TATASTEEL
2022-03-09,EQ,1273.9,1276.8,1248.6,1269.5,1255.55,1255.35,1260.29,1534.5,681.25,6934888,8739970128.45,180250,TATASTEEL
2022-03-08,EQ,1293,1294,1244,1291.9,1265.9,1269.5,1263.11,1534.5,681.25,9107822,11504186252.6,248719,TATASTEEL
2022-03-07,EQ,1275.9,1301.8,1264,1277.1,1293,1291.9,1279.85,1534.5,681.25,11040001,14129580242.05,289960,TATASTEEL
2022-03-04,EQ,1302.4,1319.85,1273,1303.3,1277,1277.1,1297.98,1534.5,681.25,16282923,21134984241.95,498851,TATASTEEL
2022-03-03,EQ,1306,1328.65,1293.65,1289.35,1303,1303.3,1309.97,1534.5,681.25,17450338,22859407692.45,528049,TATASTEEL
2022-03-02,EQ,1220.75,1299.6,1218.55,1220.75,1288.75,1289.35,1280.64,1534.5,681.25,24847532,31820691227.6,612717,TATASTEEL
2022-02-28,EQ,1134,1225,1129.2,1145.35,1217.9,1220.75,1196.83,1534.5,681.25,17605446,21070773518.25,408543,TATASTEEL
2022-02-25,EQ,1097.7,1150.7,1095.6,1074,1144.95,1145.35,1136.16,1534.5,670.85,9212886,10467347648.45,226899,TATASTEEL
2022-02-24,EQ,1094,1119.95,1067.1,1139,1079,1074,1095.75,1534.5,670.85,12126867,13288073810.5,324643,TATASTEEL
2022-02-23,EQ,1148,1152.6,1134,1138.7,1137.9,1139,1143.6,1534.5,670.85,4960838,5673217190.3,129498,TATASTEEL
2022-02-22,EQ,1158,1166.65,1119.25,1181.85,1134,1138.7,1141.03,1534.5,670.85,9385857,10709565886.6,222627,TATASTEEL
2022-02-21,EQ,1188,1202,1174.4,1190.8,1181,1181.85,1188.32,1534.5,670.85,4978732,5916328122.2,117333,TATASTEEL
2022-02-18,EQ,1187,1205,1183,1190.95,1191,1190.8,1196.74,1534.5,655.95,4725120,5654746883.9,119821,TATASTEEL
2022-02-17,EQ,1201.1,1209.5,1186.15,1191.8,1190,1190.95,1197.29,1534.5,655.95,5655792,6771643720.6,117118,TATASTEEL
2022-02-16,EQ,1215,1217.9,1186.5,1207.75,1187.95,1191.8,1199.11,1534.5,655.95,6609214,7925141990.1,171088,TATASTEEL
2022-02-15,EQ,1196.85,1212,1151.55,1186.85,1204.95,1207.75,1179.18,1534.5,655.95,10188921,12014582504.45,238309,TATASTEEL
2022-02-14,EQ,1220.1,1227.75,1180.1,1254.45,1183.25,1186.85,1202.85,1534.5,655.95,8021613,9648820655.15,211234,TATASTEEL
2022-02-11,EQ,1239,1264.95,1233.1,1248.35,1251.8,1254.45,1252.44,1534.5,655.95,9676226,12118883254.8,211755,TATASTEEL
2022-02-10,EQ,1230,1254.25,1226,1222.35,1247.3,1248.35,1244.12,1534.5,655.95,9392057,11684809977.1,222188,TATASTEEL
2022-02-09,EQ,1231,1234,1208.15,1219.6,1218,1222.35,1219.8,1534.5,655.95,7352060,8968009893.95,167342,TATASTEEL
2022-02-08,EQ,1195,1222.4,1171.5,1183,1219.5,1219.6,1202.55,1534.5,655.95,14083984,16936657066.7,316614,TATASTEEL
2022-02-07,EQ,1168.3,1214.6,1161,1176.3,1184.95,1183,1194.31,1534.5,655.95,14510525,17330102163.95,321698,TATASTEEL
2022-02-04,EQ,1173.8,1197.75,1170.25,1166.6,1174.4,1176.3,1184.03,1534.5,597.45,9317418,11032097305.3,212738,TATASTEEL
2022-02-03,EQ,1153,1181.7,1146.3,1167.5,1163,1166.6,1169.68,1534.5,597.45,6514090,7619418043.55,151104,TATASTEEL
2022-02-02,EQ,1179.9,1179.9,1158.3,1167.35,1168,1167.5,1166.61,1534.5,597.45,7524734,8778450173.45,178662,TATASTEEL
2022-02-01,EQ,1104.9,1174.45,1086.4,1085.55,1166.55,1167.35,1134.27,1534.5,597.45,17075268,19367952076.85,364400,TATASTEEL
2022-01-31,EQ,1109.9,1114.6,1080.5,1084.65,1085,1085.55,1096.19,1534.5,597.45,5570939,6106808797.4,172294,TATASTEEL
2022-01-28,EQ,1105.85,1125.75,1080.95,1088.35,1086,1084.65,1108.99,1534.5,596,7864893,8722067779.45,192376,TATASTEEL
2022-01-27,EQ,1090,1103.45,1061.3,1109.1,1090.65,1088.35,1082.03,1534.5,596,9056656,9799578271.55,271554,TATASTEEL
2022-01-25,EQ,1094.7,1121,1087.05,1099.2,1105.95,1109.1,1107.84,1534.5,596,5733063,6351334528.6,206703,TATASTEEL
2022-01-24,EQ,1160,1163.65,1090,1169.7,1100.5,1099.2,1121.02,1534.5,596,8392076,9407699634.2,279320,TATASTEEL
2022-01-21,EQ,1200,1204.3,1156.35,1206.7,1169.1,1169.7,1177.49,1534.5,596,7166267,8438184184.45,170921,TATASTEEL
2022-01-20,EQ,1210.1,1224,1197,1209.6,1209.9,1206.7,1212.03,1534.5,596,5920597,7175912863.9,159207,TATASTEEL
2022-01-19,EQ,1196,1220.9,1183,1194.85,1208,1209.6,1204.89,1534.5,596,7304321,8800884092.5,186907,TATASTEEL
2022-01-18,EQ,1230,1233.75,1190,1229.75,1196.95,1194.85,1209.8,1534.5,596,5840897,7066337357.8,150353,TATASTEEL
2022-01-17,EQ,1215,1245,1190.35,1213.6,1230.8,1229.75,1221.77,1534.5,596,8969607,10958788425.8,202840,TATASTEEL
2022-01-14,EQ,1213,1226.3,1206.1,1221.15,1211,1213.6,1215.42,1534.5,596,5267907,6402740872.75,162565,TATASTEEL
2022-01-13,EQ,1154,1225.5,1152.15,1147.2,1219,1221.15,1200.08,1534.5,596,15723116,18868961106.25,350847,TATASTEEL
2022-01-12,EQ,1139.85,1150.8,1132.4,1130.25,1147.8,1147.2,1142.13,1534.5,596,5035843,5751572117,139132,TATASTEEL
2022-01-11,EQ,1158.65,1162.7,1113,1169.05,1134.9,1130.25,1137.02,1534.5,596,9697885,11026712678.5,245197,TATASTEEL
2022-01-10,EQ,1165,1173.4,1153.85,1160.35,1168,1169.05,1165.95,1534.5,596,3822500,4456832468.05,124004,TATASTEEL
2022-01-07,EQ,1165.2,1174,1147.85,1163.25,1158.15,1160.35,1160.62,1534.5,596,3973857,4612154157.25,87679,TATASTEEL
2022-01-06,EQ,1172,1183,1155.55,1177.6,1161.5,1163.25,1166.83,1534.5,596,5335400,6225489082.45,133187,TATASTEEL
2022-01-05,EQ,1147,1180.8,1141.25,1148.8,1176,1177.6,1166.6,1534.5,596,6186176,7216800113.2,134032,TATASTEEL
2022-01-04,EQ,1153,1159.7,1136.5,1142.45,1148.05,1148.8,1147.81,1534.5,596,5975731,6859026649.55,125400,TATASTEEL
2022-01-03,EQ,1115,1151,1115,1111.45,1150,1142.45,1129.46,1534.5,596,3865803,4366279501.5,87982,TATASTEEL
2021-12-31,EQ,1105,1123.5,1102.65,1101,1112.4,1111.45,1115.49,1534.5,596,3687021,4112828901.1,94613,TATASTEEL
2021-12-30,EQ,1117.9,1127,1099,1116.25,1101.15,1101,1110.09,1534.5,596,4114093,4567032963.05,102093,TATASTEEL
2021-12-29,EQ,1120,1126.65,1108,1127.45,1115.75,1116.25,1115.35,1534.5,596,4193520,4677259768.65,145576,TATASTEEL
2021-12-28,EQ,1127,1131.5,1122,1121.8,1127,1127.45,1127.24,1534.5,596,2880781,3247337620.3,108720,TATASTEEL
2021-12-27,EQ,1111.05,1124.7,1102.35,1115.45,1124,1121.8,1114.49,1534.5,596,2758851,3074721063.1,74732,TATASTEEL
2021-12-24,EQ,1130.05,1133.45,1103.85,1127.65,1117,1115.45,1115.11,1534.5,585,4093630,4564828879.6,96182,TATASTEEL
2021-12-23,EQ,1138,1146.8,1120.2,1128.85,1126.45,1127.65,1134.88,1534.5,585,4621478,5244827387,114823,TATASTEEL
2021-12-22,EQ,1115,1131,1110,1105.1,1130,1128.85,1123.02,1534.5,585,4366917,4904148511.6,114115,TATASTEEL
2021-12-21,EQ,1090,1124.25,1085,1072.95,1108.85,1105.1,1109.16,1534.5,585,7026849,7793906415.1,171193,TATASTEEL
2021-12-20,EQ,1117,1117.2,1066.05,1132.1,1073,1072.95,1082.82,1534.5,585,7352650,7961618862.3,236252,TATASTEEL
2021-12-17,EQ,1154,1158.85,1125,1153.2,1131.95,1132.1,1136.98,1534.5,585,4743502,5393272365.2,136063,TATASTEEL
2021-12-16,EQ,1164,1168.8,1143.55,1154.05,1156.15,1153.2,1157.44,1534.5,585,4246008,4914506125.4,115354,TATASTEEL
2021-12-15,EQ,1170.05,1175.6,1149,1167.2,1150.4,1154.05,1163.31,1534.5,585,4430833,5154444408.55,136268,TATASTEEL
2021-12-14,EQ,1158.95,1177.9,1147,1165.3,1165.7,1167.2,1164.62,1534.5,585,5352264,6233369922.2,145202,TATASTEEL
2021-12-13,EQ,1188,1199,1161.65,1180,1167.2,1165.3,1180.37,1534.5,585,5353778,6319423485.45,142697,TATASTEEL
2021-12-10,EQ,1173.45,1188.9,1167.6,1176.85,1178,1180,1178.81,1534.5,585,4812130,5672591862.1,135427,TATASTEEL
2021-12-09,EQ,1182,1182,1159,1173,1177,1176.85,1170.78,1534.5,585,5212394,6102560472.7,122011,TATASTEEL
2021-12-08,EQ,1159,1177,1149,1148.8,1174.75,1173,1166.19,1534.5,585,7448501,8686359029.45,170954,TATASTEEL
2021-12-07,EQ,1121.1,1155.55,1121,1108.8,1152.85,1148.8,1140.75,1534.5,585,8505390,9702509838.55,204352,TATASTEEL
2021-12-06,EQ,1114,1141,1102.2,1118,1107.65,1108.8,1122.08,1534.5,585,8215940,9218970570.35,202827,TATASTEEL
2021-12-03,EQ,1115,1134.2,1102.25,1112.4,1114.65,1118,1119.73,1534.5,576.95,10073784,11279894784.45,215675,TATASTEEL
2021-12-02,EQ,1083,1116,1074,1082.55,1112.95,1112.4,1093.21,1534.5,576.95,9128681,9979555833.05,229986,TATASTEEL
2021-12-01,EQ,1092,1097,1066.5,1071.2,1082,1082.55,1080.06,1534.5,576.95,9379114,10129980506.1,277289,TATASTEEL
2021-11-30,EQ,1110.95,1127.9,1063,1114.75,1070.1,1071.2,1092.87,1534.5,576.95,13355984,14596419159.45,290056,TATASTEEL
2021-11-29,EQ,1112.3,1137,1075.05,1112.3,1109.9,1114.75,1115.07,1534.5,576.95,9392991,10473859931.15,238792,TATASTEEL
2021-11-26,EQ,1157.9,1159.5,1106.25,1173.65,1110.25,1112.3,1127.98,1534.5,536.35,10645526,12007942478.5,283059,TATASTEEL
2021-11-25,EQ,1180,1186.6,1166,1178.5,1173.5,1173.65,1175.39,1534.5,536.35,4750286,5583438162.65,124738,TATASTEEL
2021-11-24,EQ,1200.4,1202.95,1171.15,1192.05,1173.5,1178.5,1192.33,1534.5,536.35,6767101,8068650466.05,155600,TATASTEEL
2021-11-23,EQ,1168.05,1209,1165.15,1165.05,1190.05,1192.05,1194.72,1534.5,536.35,9382963,11210058495.3,215369,TATASTEEL
2021-11-22,EQ,1188.1,1196.8,1146,1186.6,1166.8,1165.05,1174.23,1534.5,536.35,9621001,11297225184.3,221574,TATASTEEL
2021-11-18,EQ,1223.6,1228.3,1182,1220.05,1187.9,1186.6,1198.02,1534.5,501.7,10108351,12110042265.25,265526,TATASTEEL
2021-11-17,EQ,1225,1237.4,1215.1,1228.8,1217.5,1220.05,1225.21,1534.5,501.7,8780204,10757564425,227497,TATASTEEL
2021-11-16,EQ,1245.45,1261.05,1223.7,1245.45,1225.5,1228.8,1241.24,1534.5,501.7,12314880,15285726669.75,305404,TATASTEEL
2021-11-15,EQ,1295,1299,1241.5,1287.25,1244.5,1245.45,1264.54,1534.5,501.7,12108215,15311346641.25,361479,TATASTEEL
2021-11-12,EQ,1340,1340,1271.1,1299.6,1286.7,1287.25,1296.64,1534.5,427.4,23239558,30133436224.85,493501,TATASTEEL
2021-11-11,EQ,1304.9,1324.5,1288.35,1298.55,1300,1299.6,1306.58,1534.5,427.4,13663860,17852875262.1,290972,TATASTEEL
2021-11-10,EQ,1328,1329,1287.1,1335.95,1297.5,1298.55,1300.47,1534.5,427.4,11880417,15450091711.3,295166,TATASTEEL
2021-11-09,EQ,1342.85,1360.3,1328.85,1343.25,1337.4,1335.95,1343.01,1534.5,427.4,4756516,6388069232.8,110877,TATASTEEL
2021-11-08,EQ,1340.9,1347.65,1306.1,1325.9,1340.95,1343.25,1331.26,1534.5,427.4,5493667,7313506276.3,129169,TATASTEEL
2021-11-04,EQ,1331,1335,1324.1,1326.05,1326.45,1325.9,1329.31,1534.5,398.7,674434,896531428.35,24458,TATASTEEL
2021-11-03,EQ,1324.8,1332,1312,1313.65,1326,1326.05,1322.5,1534.5,398.7,5730244,7578272364.25,114824,TATASTEEL
2021-11-02,EQ,1370,1370,1310.8,1364.9,1318,1313.65,1336.72,1534.5,398.7,7216137,9645962698.75,149207,TATASTEEL
2021-11-01,EQ,1340,1372.9,1330,1315.95,1362,1364.9,1357.99,1534.5,398.7,9687533,13155551551.55,219727,TATASTEEL
2021-10-29,EQ,1290.25,1333.7,1290,1299.6,1317.65,1315.95,1318.31,1534.5,395.2,7914760,10434141529.65,203572,TATASTEEL
2021-10-28,EQ,1314.9,1315.95,1291.1,1326.15,1299.2,1299.6,1300.93,1534.5,395.2,9307682,12108636657.3,219433,TATASTEEL
2021-10-27,EQ,1346,1351.7,1321.25,1343.65,1325,1326.15,1340.29,1534.5,395.2,7241804,9706128183.35,136011,TATASTEEL
2021-10-26,EQ,1303,1351,1301.45,1293.3,1347,1343.65,1327.59,1534.5,395.2,7722875,10252844348.05,162605,TATASTEEL
2021-10-25,EQ,1302,1316,1267.25,1296.25,1290.5,1293.3,1295.98,1534.5,395.2,6418501,8318255045.9,146749,TATASTEEL
2021-10-22,EQ,1320,1324.65,1271,1314.7,1295,1296.25,1295.44,1534.5,389.6,8071289,10455863988.15,182525,TATASTEEL
2021-10-21,EQ,1356.7,1357.85,1289.7,1343.3,1317,1314.7,1322.44,1534.5,389.6,8357573,11052415947.65,180536,TATASTEEL
2021-10-20,EQ,1372,1376,1326.65,1366.9,1344,1343.3,1352.99,1534.5,389.6,6975774,9438143064.85,158821,TATASTEEL
2021-10-19,EQ,1421,1426.55,1357.55,1411.05,1369,1366.9,1395.29,1534.5,389.6,8756924,12218421090.85,181679,TATASTEEL
2021-10-18,EQ,1418,1424.75,1391.1,1375.05,1408,1411.05,1412,1534.5,389.6,10923230,15423638710.65,254274,TATASTEEL
2021-10-14,EQ,1374,1390.6,1354,1354.3,1372.5,1375.05,1375.35,1534.5,362.5,8227371,11315479685.4,225847,TATASTEEL
2021-10-13,EQ,1325.5,1376.55,1318.05,1329.1,1356.5,1354.3,1357.3,1534.5,362.5,13285718,18032705350.55,270178,TATASTEEL
2021-10-12,EQ,1313.2,1335,1305,1313.2,1327.7,1329.1,1322.05,1534.5,362.5,6097019,8060557067.1,127459,TATASTEEL
2021-10-11,EQ,1305,1327.35,1298,1301.15,1314,1313.2,1313.46,1534.5,362.5,6349658,8340010808.85,154072,TATASTEEL
2021-10-08,EQ,1302,1344.05,1296.35,1289.2,1302.8,1301.15,1318.02,1534.5,362.5,10722015,14131842227.65,209592,TATASTEEL
2021-10-07,EQ,1295,1306.8,1283.55,1279.9,1288.55,1289.2,1294.68,1534.5,362.5,4603367,5959881711.45,100335,TATASTEEL
2021-10-06,EQ,1319.9,1328.6,1273.15,1316.85,1274,1279.9,1298.51,1534.5,362.5,8631693,11208369774.4,182555,TATASTEEL
2021-10-05,EQ,1314,1332.7,1310.15,1324.15,1317.75,1316.85,1320.41,1534.5,362.5,5795216,7652041813.9,113241,TATASTEEL
2021-10-04,EQ,1297.85,1327.75,1280.4,1297.85,1322,1324.15,1307.13,1534.5,362.5,9690237,12666404492.7,196296,TATASTEEL
2021-10-01,EQ,1275,1311,1265,1288.9,1294.05,1297.85,1294.19,1534.5,355.65,9037470,11696219086,182801,TATASTEEL
2021-09-30,EQ,1303,1316.4,1283.85,1295.55,1285.5,1288.9,1296.97,1534.5,355.65,7514568,9746166693.75,158511,TATASTEEL
2021-09-29,EQ,1270,1309.8,1267.2,1280.95,1293.8,1295.55,1290.68,1534.5,355.65,9494577,12254427544.5,200121,TATASTEEL
2021-09-28,EQ,1273.45,1296.8,1263,1270.5,1279,1280.95,1281.17,1534.5,355.65,8100736,10378437351.35,155092,TATASTEEL
2021-09-27,EQ,1272,1288.7,1261.05,1272.1,1270.35,1270.5,1274.03,1534.5,355.65,8668877,11044379079.25,182487,TATASTEEL
2021-09-24,EQ,1320,1324,1258.45,1318.7,1267,1272.1,1284.94,1534.5,342.75,13286616,17072512017.75,302339,TATASTEEL
2021-09-23,EQ,1330,1339.45,1306.05,1305.8,1315.5,1318.7,1320.33,1534.5,342.75,9946251,13132342309.45,254153,TATASTEEL
2021-09-22,EQ,1299.4,1318,1283.1,1292.2,1303,1305.8,1301.92,1534.5,342.75,11124247,14482842665.95,263880,TATASTEEL
2021-09-21,EQ,1258,1296.9,1232.9,1253.1,1296.5,1292.2,1263.43,1534.5,342.75,25593540,32335688765,467449,TATASTEEL
2021-09-20,EQ,1350,1351.9,1247.35,1385.9,1247.35,1253.1,1293,1534.5,342.75,28238412,36512376240.2,680557,TATASTEEL
2021-09-17,EQ,1437,1440.3,1360,1436.75,1382.8,1385.9,1387.18,1534.5,342.75,19572030,27149960524.4,445794,TATASTEEL
2021-09-16,EQ,1460,1471.9,1431.25,1455.1,1436.9,1436.75,1445.76,1534.5,342.75,5606797,8106101676.1,148967,TATASTEEL
2021-09-15,EQ,1452.3,1463.7,1444.4,1452.3,1453.05,1455.1,1454.4,1534.5,342.75,4417464,6424749303.25,117061,TATASTEEL
2021-09-14,EQ,1476,1476,1449,1463.45,1451.4,1452.3,1461.4,1534.5,342.75,5503767,8043210155.5,133997,TATASTEEL
2021-09-13,EQ,1447,1472,1436.5,1447,1470,1463.45,1451.62,1534.5,342.75,5670208,8230985329.3,133505,TATASTEEL
2021-09-09,EQ,1420,1451.95,1420,1429.85,1446.9,1447,1441.08,1534.5,342.75,5313030,7656486787.9,137267,TATASTEEL
2021-09-08,EQ,1426,1442.65,1418.6,1428.7,1428,1429.85,1430.46,1534.5,342.75,4676224,6689152680.65,114775,TATASTEEL
2021-09-07,EQ,1444,1459,1420.65,1437,1421.5,1428.7,1439.4,1534.5,342.75,6352717,9144123989,145446,TATASTEEL
2021-09-06,EQ,1447,1451.95,1423.15,1443.65,1435.45,1437,1436.17,1534.5,342.75,6958676,9993857812.3,146049,TATASTEEL
2021-09-03,EQ,1428,1452.95,1416.45,1425.1,1440.15,1443.65,1436.58,1534.5,342.75,8452382,12142493020.3,167684,TATASTEEL
2021-09-02,EQ,1411,1432,1410,1411.2,1424.9,1425.1,1421.37,1534.5,342.75,6148046,8738634439.1,135353,TATASTEEL
2021-09-01,EQ,1451.25,1455.5,1407,1450.25,1410.95,1411.2,1422.05,1534.5,342.75,8812897,12532364367.3,188156,TATASTEEL
2021-08-31,EQ,1445,1459,1432,1440.6,1447.1,1450.25,1449.25,1534.5,342.75,24752108,35871918020.5,241285,TATASTEEL
2021-08-30,EQ,1399,1445,1398,1384.15,1436.7,1440.6,1430.46,1534.5,342.75,13444387,19231696469.15,264920,TATASTEEL
2021-08-27,EQ,1379,1394.45,1375.85,1375.05,1382.4,1384.15,1385.73,1534.5,342.75,7394081,10246183944.6,148295,TATASTEEL
2021-08-26,EQ,1390.4,1394.75,1365,1390.2,1376.8,1375.05,1377.36,1534.5,342.75,9157898,12613755303.65,181905,TATASTEEL
2021-08-25,EQ,1418,1426,1380.75,1404.65,1390.6,1390.2,1405.45,1534.5,342.75,12565010,17659452557.2,234330,TATASTEEL
2021-08-24,EQ,1382,1420,1377,1358.65,1407.15,1404.65,1399.79,1534.5,342.75,17607579,24646845916,329898,TATASTEEL
2021-08-23,EQ,1402,1409.8,1310.75,1375.6,1362.3,1358.65,1366.21,1534.5,342.75,22925729,31321397175,438033,TATASTEEL
2021-08-20,EQ,1445.05,1447,1362.8,1500.45,1367.7,1375.6,1412.52,1534.5,342.75,27340069,38618363329.5,586431,TATASTEEL
2021-08-18,EQ,1509.45,1518.9,1488.2,1503.7,1497.2,1500.45,1502.14,1534.5,342.75,12331745,18523955013.75,252131,TATASTEEL
2021-08-17,EQ,1519.4,1534,1491.75,1519.4,1501.45,1503.7,1514.32,1534.5,342.75,18970923,28728012846.3,362892,TATASTEEL
2021-08-16,EQ,1484,1534.5,1472.2,1461.65,1515.3,1519.4,1503.26,1534.5,342.75,27114488,40760162318.7,470948,TATASTEEL
2021-08-13,EQ,1405,1476.6,1390.65,1435.35,1467.25,1461.65,1435.19,1481.8,342.75,28969872,41577265262.5,507280,TATASTEEL
2021-08-12,EQ,1436,1444.7,1416.55,1426.2,1433.65,1435.35,1431.3,1481.8,342.75,10943108,15662916646.65,189925,TATASTEEL
2021-08-11,EQ,1390,1429.7,1384.2,1373.6,1428.5,1426.2,1408.16,1481.8,342.75,14535357,20468076905.85,304687,TATASTEEL
2021-08-10,EQ,1412,1418,1367.2,1412.2,1372.15,1373.6,1394.64,1481.8,342.75,8451623,11786965575.25,190548,TATASTEEL
2021-08-09,EQ,1434,1443.25,1405.4,1428.85,1408.5,1412.2,1422.93,1481.8,342.75,7859493,11183484133.25,175185,TATASTEEL
2021-08-06,EQ,1449,1457,1426,1446.6,1428,1428.85,1439.73,1481.8,342.75,9674025,13928012701.8,213124,TATASTEEL
2021-08-05,EQ,1415.3,1450,1387.5,1416.2,1449,1446.6,1418.11,1481.8,342.75,16221799,23004257192.75,274552,TATASTEEL
2021-08-04,EQ,1420,1448,1405.1,1407.2,1415.3,1416.2,1425.42,1481.8,342.75,11289435,16092199774.6,225892,TATASTEEL
2021-08-03,EQ,1414,1420.85,1390.35,1410.05,1407.25,1407.2,1405.32,1481.8,342.75,8640560,12142758072.35,211723,TATASTEEL
2021-08-02,EQ,1446,1447,1405.5,1434.3,1413,1410.05,1418.61,1481.8,342.75,9768920,13858239053.1,201290,TATASTEEL
2021-07-30,EQ,1455.65,1472.7,1427.8,1458.6,1435.25,1434.3,1451.63,1481.8,342.75,14049265,20394326177.2,253239,TATASTEEL
2021-07-29,EQ,1375,1481.8,1368,1365,1458,1458.6,1434.83,1481.8,342.75,30061041,43132588858.65,486413,TATASTEEL
2021-07-28,EQ,1332,1369.95,1306.2,1330.65,1368.05,1365,1337.8,1369.95,342.75,12835125,17170884417.6,220148,TATASTEEL
2021-07-27,EQ,1315,1334.5,1308.05,1297.95,1333.5,1330.65,1322.41,1334.5,342.75,10341382,13675547882.25,174851,TATASTEEL
2021-07-26,EQ,1289,1308.25,1278.05,1281.4,1297,1297.95,1294.88,1308.25,342.75,8678433,11237553130.25,172836,TATASTEEL
2021-07-23,EQ,1279.35,1295.5,1274,1273,1279.05,1281.4,1284.66,1295.5,342.55,8641865,11101867403.05,170796,TATASTEEL
2021-07-22,EQ,1249,1277.95,1248,1233.35,1277.95,1273,1265.92,1290.9,342.55,7894024,9993164000.85,161316,TATASTEEL
2021-07-20,EQ,1272,1272.3,1225,1266.4,1231.95,1233.35,1241.77,1290.9,342.55,8579940,10654293471.65,170242,TATASTEEL
2021-07-19,EQ,1259,1290.9,1253.7,1278.45,1264.05,1266.4,1274.28,1290.9,342.55,8904629,11346974829.05,173387,TATASTEEL
2021-07-16,EQ,1264.7,1281.3,1259.05,1255.95,1274.75,1278.45,1270.98,1281.3,331.55,8496925,10799441556.65,166436,TATASTEEL
2021-07-15,EQ,1246.1,1265.8,1237.7,1244.7,1257.6,1255.95,1253.63,1265.8,331.55,9655551,12104491972.8,186722,TATASTEEL
2021-07-14,EQ,1231.95,1247.7,1219,1228.75,1243.4,1244.7,1235.34,1258.5,331.55,8341388,10304419016.6,150710,TATASTEEL
2021-07-13,EQ,1238,1243.45,1223.1,1226.95,1229.5,1228.75,1233.12,1258.5,331.55,7915528,9760795661.35,144718,TATASTEEL
2021-07-12,EQ,1251,1258.5,1218.35,1239.35,1225,1226.95,1241.2,1258.5,331.55,16647775,20663248657.4,286823,TATASTEEL
2021-07-09,EQ,1192,1244.1,1188,1189.75,1239.75,1239.35,1220.4,1246.85,328.05,17859356,21795526924.75,305588,TATASTEEL
2021-07-08,EQ,1225,1230,1181.2,1218.65,1190,1189.75,1205.09,1246.85,328.05,12410585,14955901482.35,229065,TATASTEEL
2021-07-07,EQ,1167.95,1225,1158.5,1167.25,1225,1218.65,1195.87,1246.85,328.05,16745626,20025514634.1,274187,TATASTEEL
2021-07-06,EQ,1158.65,1178,1150.25,1156.85,1165.9,1167.25,1165.16,1246.85,328.05,9146835,10657528428.15,170937,TATASTEEL
2021-07-05,EQ,1146,1161.8,1136,1136,1158.5,1156.85,1148.17,1246.85,328.05,7679900,8817845701.8,151161,TATASTEEL
2021-07-02,EQ,1166,1166.8,1130.2,1163.55,1137.9,1136,1144.91,1246.85,312.1,7573407,8670900665.5,144117,TATASTEEL
2021-07-01,EQ,1171.9,1176.8,1156.45,1166.6,1162.9,1163.55,1166.47,1246.85,312.1,5614928,6549650935.9,102568,TATASTEEL
2021-06-30,EQ,1181.05,1191,1162.8,1172.55,1164.95,1166.6,1179.73,1246.85,312.1,8043267,9488862908.35,152274,TATASTEEL
2021-06-29,EQ,1184.5,1192,1165.55,1184,1174.25,1172.55,1176.74,1246.85,312.1,7803759,9183011302.9,152319,TATASTEEL
2021-06-28,EQ,1174,1189,1163,1165.25,1185,1184,1178.64,1246.85,312.1,11660335,13743323937.65,188990,TATASTEEL
2021-06-25,EQ,1135,1170,1130,1113.15,1165.5,1165.25,1157.46,1246.85,312.1,18022770,20860637702.5,297315,TATASTEEL
2021-06-24,EQ,1105,1120.5,1098.45,1100.1,1119,1113.15,1111.66,1246.85,312.1,7239470,8047856838.6,111903,TATASTEEL
2021-06-23,EQ,1120.5,1127.55,1097.85,1112.3,1101.7,1100.1,1113.57,1246.85,312.1,7806336,8692892936.4,135920,TATASTEEL
2021-06-22,EQ,1114.2,1131,1106.5,1106.15,1109.75,1112.3,1118.56,1246.85,312.1,9024634,10094635818.35,165896,TATASTEEL
2021-06-21,EQ,1070,1109,1063.65,1092.3,1106,1106.15,1093.29,1246.85,312.1,13001432,14214310071.05,230827,TATASTEEL
2021-06-18,EQ,1105,1109.9,1050.25,1103.75,1095.15,1092.3,1081.54,1246.85,301.3,40347077,43637094872.5,425612,TATASTEEL
2021-06-17,EQ,1118.95,1133.8,1095.65,1142.15,1105.5,1103.75,1112.1,1246.85,301.3,16207687,18024597695.6,314441,TATASTEEL
2021-06-16,EQ,1169,1184.75,1131.65,1174.3,1140,1142.15,1150.86,1246.85,301.3,17521107,20164413988.7,327146,TATASTEEL
2021-06-15,EQ,1170,1186.8,1160.1,1164.8,1173,1174.3,1176.27,1246.85,301.3,9768102,11489917319.05,192729,TATASTEEL
2021-06-14,EQ,1168,1178.65,1140,1158.35,1164.5,1164.8,1166.05,1246.85,301.3,16031264,18693178119.75,279545,TATASTEEL
2021-06-11,EQ,1127.8,1164.6,1113.1,1114.45,1163.1,1158.35,1138.98,1246.85,300,17445856,19870403850.4,263906,TATASTEEL
2021-06-10,EQ,1109.3,1125.8,1102.9,1101,1116,1114.45,1115.83,1246.85,300,7776764,8677578776.6,129554,TATASTEEL
2021-06-09,EQ,1117,1128,1093.95,1111.1,1100,1101,1109.8,1246.85,300,11114338,12334716005.65,204628,TATASTEEL
2021-06-08,EQ,1132.7,1132.7,1100.05,1128.7,1110,1111.1,1110,1246.85,300,10834373,12026137998.05,191239,TATASTEEL
2021-06-07,EQ,1130,1150,1125.55,1120.7,1128.45,1128.7,1136.33,1246.85,300,12218592,13884374724.3,197050,TATASTEEL
2021-06-04,EQ,1116,1128.8,1107,1122,1120,1120.7,1116.2,1246.85,300,9713347,10842004340.3,160001,TATASTEEL
2021-06-03,EQ,1129.55,1139.75,1113,1124.05,1117.55,1122,1125.33,1246.85,300,12109477,13627106848.35,206951,TATASTEEL
2021-06-02,EQ,1105,1129.8,1104,1100.9,1129.55,1124.05,1116.07,1246.85,300,12862591,14355587812.05,202165,TATASTEEL
2021-06-01,EQ,1120,1123,1085.5,1125.65,1100.7,1100.9,1099.68,1246.85,300,17690925,19454341857.6,316676,TATASTEEL
2021-05-31,EQ,1112,1129.65,1099,1103.5,1127.05,1125.65,1116.06,1246.85,300,15428647,17219310719.9,256408,TATASTEEL
2021-05-28,EQ,1131,1143.6,1097.45,1096.65,1104,1103.5,1123.52,1246.85,277,19208581,21581220030.25,286542,TATASTEEL
2021-05-27,EQ,1082.15,1109.75,1075,1082.15,1101.9,1096.65,1093.38,1246.85,277,22791032,24919251285.25,292218,TATASTEEL
2021-05-26,EQ,1090.5,1094,1072.5,1105.2,1080.05,1082.15,1082.72,1246.85,277,15432703,16709352126,249398,TATASTEEL
2021-05-25,EQ,1101.95,1125.95,1100,1092,1105.35,1105.2,1111.75,1246.85,277,18113752,20137971434.75,266155,TATASTEEL
2021-05-24,EQ,1108,1108.95,1082.1,1113.1,1091.5,1092,1093.18,1246.85,277,18923842,20687205791.85,322358,TATASTEEL
2021-05-21,EQ,1114,1123.9,1105.85,1105.05,1112,1113.1,1115.07,1246.85,262.45,14104926,15727954213.7,210863,TATASTEEL
2021-05-20,EQ,1131.1,1135.5,1098.05,1164.25,1104.9,1105.05,1113.32,1246.85,262.45,28446253,31669851246.2,452379,TATASTEEL
2021-05-19,EQ,1173,1189.55,1158,1180,1161,1164.25,1171.83,1246.85,262.45,17435026,20430822775.25,264120,TATASTEEL
2021-05-18,EQ,1175,1196.45,1157.05,1150.85,1179.45,1180,1180.26,1246.85,262.45,24573880,29003646810.2,352679,TATASTEEL
2021-05-17,EQ,1138,1158.2,1103.5,1132.1,1153.45,1150.85,1128.94,1246.85,262.45,28753430,32460924909.1,414106,TATASTEEL
2021-05-14,EQ,1185,1185,1115.2,1179.15,1130.05,1132.1,1143.25,1246.85,262.45,37648032,43041005388.5,597919,TATASTEEL
2021-05-12,EQ,1231.95,1246.85,1163.25,1233.9,1175,1179.15,1212.56,1246.85,262.45,30889192,37454943942.3,468627,TATASTEEL
2021-05-11,EQ,1190,1246,1176.9,1216.35,1230,1233.9,1217.71,1246,262.45,41108381,50058054090.2,569871,TATASTEEL
2021-05-10,EQ,1210,1229,1200,1182.35,1218.5,1216.35,1214.33,1229,262.45,28080884,34099493809.45,417490,TATASTEEL
2021-05-07,EQ,1135,1192,1130.1,1100.9,1183.6,1182.35,1163.52,1192,262.45,54075433,62917775342,728233,TATASTEEL
2021-05-06,EQ,1055,1129,1042.5,1070.15,1103,1100.9,1103.47,1129,262.45,46434537,51239188167.35,681778,TATASTEEL
2021-05-05,EQ,1084,1088.35,1047,1063.85,1071.05,1070.15,1067.25,1088.35,262.45,19249839,20544363912.95,269242,TATASTEEL
2021-05-04,EQ,1074.45,1086.65,1057.55,1064.75,1066.85,1063.85,1072.68,1086.65,262.45,24961628,26775868250.65,309589,TATASTEEL
2021-05-03,EQ,1031.95,1069,1018.5,1034,1067.1,1064.75,1047.74,1069,262.45,26484100,27748424330,338503,TATASTEEL
2021-04-30,EQ,1024,1052.6,1011.1,1031.35,1025.6,1034,1031.95,1052.6,262.45,28129738,29028537385.5,385840,TATASTEEL
2021-04-29,EQ,983,1036.95,983,971.4,1035,1031.35,1015.76,1036.95,262.45,44718647,45423591343.45,554647,TATASTEEL
2021-04-28,EQ,985,986,962,977.75,971,971.4,972.08,986,262.45,20447968,19877003898.35,255599,TATASTEEL
2021-04-27,EQ,948.3,983,944.3,940.75,982,977.75,965.43,983,262.45,24904515,24043462401.5,331493,TATASTEEL
2021-04-26,EQ,935,956,930.05,925.6,942.5,940.75,942.98,956,262.45,21234858,20024066611.35,274958,TATASTEEL
2021-04-23,EQ,929.8,945,910.75,921.4,924.55,925.6,930.73,953.65,259.2,24752386,23037863140.35,307302,TATASTEEL
2021-04-22,EQ,899.95,938.65,897.05,894,922.5,921.4,926.15,953.65,259.2,31902815,29546798526.25,434593,TATASTEEL
2021-04-20,EQ,900,905.75,882,888.05,892.35,894,894.65,953.65,259.2,16915293,15133270032.95,202685,TATASTEEL
2021-04-19,EQ,869.8,899,860,890.25,886.05,888.05,885.77,953.65,259.2,19146996,16959813271.25,255168,TATASTEEL
2021-04-16,EQ,903.8,914.4,886.25,898.2,887.25,890.25,901.15,953.65,259.2,17398598,15678826911.2,217303,TATASTEEL
2021-04-15,EQ,892,911.5,879.5,879,894,898.2,895.21,953.65,259.2,21856357,19566018525.2,285071,TATASTEEL
2021-04-13,EQ,862,881.6,849,851.55,878.95,879,868.07,953.65,259.2,20428502,17733271789.35,246512,TATASTEEL
2021-04-12,EQ,876.55,893.2,843.35,899.5,855.85,851.55,868.35,953.65,259.2,22135504,19221265866.4,302778,TATASTEEL
2021-04-09,EQ,921,930,885.7,918.4,898.55,899.5,902.81,953.65,259.2,32179069,29051631627.75,362106,TATASTEEL
2021-04-08,EQ,884,953.65,882.7,874.85,922,918.4,919.87,953.65,259.2,53063056,48811243412.3,626502,TATASTEEL
2021-04-07,EQ,869.5,885,864.65,862.85,876.35,874.85,875.9,885,259.2,17113208,14989472735.25,217318,TATASTEEL
2021-04-06,EQ,875.5,882.5,858.15,867.75,861.55,862.85,869.06,882.5,259.2,20778920,18058223023.75,250646,TATASTEEL
2021-04-05,EQ,862,877.85,837.15,863.05,867.3,867.75,859.01,877.85,259.2,30575986,26264995006.7,380909,TATASTEEL
2021-04-01,EQ,821,868.9,819,811.85,858.9,863.05,842.25,868.9,250.85,36842098,31030150334.05,405809,TATASTEEL
2021-03-31,EQ,794,823.5,790.1,800,818.4,811.85,811.88,823.5,250.85,28044585,22768892122.25,313254,TATASTEEL
2021-03-30,EQ,780,810,777.9,766.85,799.5,800,797.66,810,250.85,28480338,22717632763.75,368821,TATASTEEL
2021-03-26,EQ,730.4,774.9,725.2,723.15,765.25,766.85,757.3,782.5,250.85,42912247,32497556832.3,501678,TATASTEEL
2021-03-25,EQ,710.1,730.7,688.35,702.8,722.95,723.15,712.97,782.5,250.85,36722400,26182028255.75,413129,TATASTEEL
2021-03-24,EQ,731,733,698.95,741.15,706,702.8,713.38,782.5,250.85,21030283,15002632252.4,272334,TATASTEEL
2021-03-23,EQ,746,749.45,733.3,743.5,740.05,741.15,741.58,782.5,250.85,11873896,8805390821,162591,TATASTEEL
2021-03-22,EQ,731.1,745.65,725,733,745,743.5,739.24,782.5,250.85,13760370,10172182526.35,185283,TATASTEEL
2021-03-19,EQ,702.75,736.75,681.25,704.85,731.55,733,714.32,782.5,250.85,24637814,17599259809.75,223254,TATASTEEL
2021-03-18,EQ,716.25,722.9,698.3,704.4,708.15,704.85,712.81,782.5,250.85,14320651,10207930570.35,162830,TATASTEEL
2021-03-17,EQ,724.95,726,700.65,724.05,705.5,704.4,713.12,782.5,250.85,10540959,7516934897.65,123251,TATASTEEL
2021-03-16,EQ,740.1,740.1,719.2,736.4,725,724.05,725.68,782.5,250.85,12569998,9121742625.35,173694,TATASTEEL
2021-03-15,EQ,722,739,715.05,719.95,736.2,736.4,725.48,782.5,250.85,15543231,11276360726,194644,TATASTEEL
2021-03-12,EQ,740,745,714,724.5,720.85,719.95,729.98,782.5,250.85,16121409,11768346627.3,197085,TATASTEEL
2021-03-10,EQ,714.9,729.95,703.05,706.75,723.1,724.5,715.19,782.5,250.85,19685860,14079097741.95,199849,TATASTEEL
2021-03-09,EQ,745,750.95,702.25,737.25,708.5,706.75,724.1,782.5,250.85,19556438,14160911349.6,233561,TATASTEEL
2021-03-08,EQ,743.95,751.2,735.05,733.3,735.65,737.25,743.98,782.5,250.85,10614596,7897053394.6,127290,TATASTEEL
2021-03-05,EQ,748.5,756,727,757.95,735.3,733.3,741.31,782.5,250.85,16881960,12514681812.05,209294,TATASTEEL
2021-03-04,EQ,751,766.9,743.65,777.15,757.6,757.95,757.24,782.5,250.85,22873822,17321058013.55,254646,TATASTEEL
2021-03-03,EQ,741,782.5,741,735.5,774.8,777.15,772.91,782.5,250.85,28842835,22292977320.7,330061,TATASTEEL
2021-03-02,EQ,730.45,739.75,723.15,730.4,735,735.5,733.92,753,250.85,11113399,8156344541.25,127895,TATASTEEL
2021-03-01,EQ,724,738.25,711.35,715.15,730.9,730.4,727.55,753,250.85,14058646,10228368627.1,168224,TATASTEEL
2021-02-26,EQ,725,741.6,711.1,742.9,714.4,715.15,722.84,753,250.85,23551591,17024148014,266485,TATASTEEL
2021-02-25,EQ,735.2,753,731.95,727.7,744.5,742.9,743.89,753,250.85,21901596,16292369953.5,249061,TATASTEEL
2021-02-24,EQ,735,745,720,729.3,727.25,727.7,733.32,745,250.85,21676789,15896063821.9,257379,TATASTEEL
2021-02-23,EQ,689.6,736,682.2,684.55,734.05,729.3,712.93,736,250.85,38907071,27737881117.25,396721,TATASTEEL
2021-02-22,EQ,672.9,697.9,670.85,670.7,680,684.55,686.85,731.5,250.85,28149109,19334301377.25,314287,TATASTEEL
2021-02-19,EQ,696,696,655.95,697.75,669.4,670.7,675.46,731.5,250.85,22392386,15125221823.4,234654,TATASTEEL
2021-02-18,EQ,700,711,694,696.8,695.95,697.75,703.63,731.5,250.85,14856147,10453237241.55,162453,TATASTEEL
2021-02-17,EQ,697.65,703.5,687.5,699.2,695.4,696.8,695.72,731.5,250.85,15957483,11101975793.9,164188,TATASTEEL
2021-02-16,EQ,672.15,708.6,668.3,672.15,697.65,699.2,699.14,731.5,250.85,33661838,23534500614.35,358185,TATASTEEL
2021-02-15,EQ,687.1,688,670,680.5,670.5,672.15,678.28,731.5,250.85,13171672,8934100604.35,155303,TATASTEEL
2021-02-12,EQ,695,697.9,678.5,694.7,679.8,680.5,687.24,731.5,250.85,14705479,10106213808.7,173303,TATASTEEL
2021-02-11,EQ,687.6,704.6,682.85,690.25,693.45,694.7,693.98,731.5,250.85,16340705,11340162734.3,183590,TATASTEEL
2021-02-10,EQ,710,724.5,680.05,699.2,691.65,690.25,697.91,731.5,250.85,57397919,40058574746.75,586586,TATASTEEL
2021-02-09,EQ,706.5,716.45,691.6,702.95,701.55,699.2,706.55,731.5,250.85,29337028,20728056511,313624,TATASTEEL
2021-02-08,EQ,694,704.9,682.7,685.05,703.5,702.95,694.87,731.5,250.85,21462169,14913385592.9,245226,TATASTEEL
2021-02-05,EQ,656.9,690.6,651.4,655.95,688.65,685.05,671.25,731.5,250.85,29100888,19533828165.75,331556,TATASTEEL
2021-02-04,EQ,654,663.5,638.6,653.15,658,655.95,654.43,731.5,250.85,14764995,9662636397.35,150126,TATASTEEL
2021-02-03,EQ,644.9,664.3,637.25,641.65,651.45,653.15,652.43,731.5,250.85,14846381,9686252654,174344,TATASTEEL
2021-02-02,EQ,643,648,624.1,636.1,642.5,641.65,638.27,731.5,250.85,18048957,11520140268.85,203280,TATASTEEL
2021-02-01,EQ,604.9,640,597.45,601,637.8,636.1,617.62,731.5,250.85,21084694,13022325499.3,245588,TATASTEEL
